case_id,document_type,owner_name,owner_id,property_id,property_type,area_sqm,address,city,notarized,owner_signature,liens_present,registration_date,decision,reason_code,recommendation_en,recommendation_ar,source,added_at,index_version
HIST-0390,عقد إيجار,عمر Al-Shammari,1156193183,PROP-73748,مكتب,1987.7,شارع الأمير عبدالعزيز، العزيزية,حائل,False,False,False,2024-10-11,Rejected,MISSING_OWNER_SIGNATURE,Owner signature is missing.,توقيع المالك مفقود.,validated,2026-06-22,seed_v1
HIST-0069,توكيل,هند الشهري,2641605297,PROP-57428,شقه,907.2,شارع العليا، النزهة,أبها,False,True,False,2020-08-06,Accepted,MEETS_CRITERIA,All required criteria met. Document accepted.,تم استيفاء جميع المعايير المطلوبة. تم قبول المستند.,validated,2026-06-22,seed_v1
HIST-0294,عقد إيجار,عبدالله Al-Otaibi,1747733294,PROP-57638,مستودع,415.7,شارع الأمير عبدالعزيز، الصفا,تبوك,False,True,False,2026-02-19,Accepted,MEETS_CRITERIA,All required criteria met. Document accepted.,تم استيفاء جميع المعايير المطلوبة. تم قبول المستند.,validated,2026-06-22,seed_v1
HIST-0495,عقد إيجار,فهد القحطاني,1381059551,PROP-81994,مكتب,0,طريق الملك عبدالله، الورود,الخبر,True,True,False,2019-06-16,Rejected,INVALID_AREA,Area is invalid or missing.,المساحة غير صالحة أو مفقودة.,validated,2026-06-22,seed_v1
HIST-0477,عقد إيجار,ماجد الرشيدي,2185948491,PROP-16286,فيلا,676.9,,الخبر,False,True,False,2021-02-15,Rejected,INCOMPLETE_ADDRESS,Address is incomplete.,العنوان غير مكتمل.,validated,2026-06-22,seed_v1
HIST-0233,توكيل,مريم الأحمدي,2938011848,PROP-86406,محل تجاري,734.1,شارع الستين، النزهة,نجران,True,True,False,2021-05-17,Accepted,MEETS_CRITERIA,All required criteria met. Document accepted.,تم استيفاء جميع المعايير المطلوبة. تم قبول المستند.,validated,2026-06-22,seed_v1
HIST-0532,توكيل,تركي العتيبي,3878245569,PROP-29385,مستودع,1721.2,شارع التحلية، الصفا,تبوك,True,True,False,2023-09-26,Rejected,OWNER_ID_MISMATCH,Owner ID format is invalid.,صيغة رقم هوية المالك غير صحيحة.,validated,2026-06-22,seed_v1
HIST-0168,صك وراثة,فاطمة الزهراني,1851569154,PROP-52284,فيلا,1953.2,طريق الملك عبدالله، البساتين,الخبر,True,True,False,2018-07-18,Accepted,MEETS_CRITERIA,All required criteria met. Document accepted.,تم استيفاء جميع المعايير المطلوبة. تم قبول المستند.,validated,2026-06-22,seed_v1
HIST-0029,عقد إيجار,نورة Al-Ghamdi,1699016272,PROP-16590,مكتب,795.5,شارع الأمير سلطان، البساتين,الخبر,False,True,False,2022-03-23,Accepted,MEETS_CRITERIA,All required criteria met. Document accepted.,تم استيفاء جميع المعايير المطلوبة. تم قبول المستند.,validated,2026-06-22,seed_v1
HIST-0303,عقد بيع,,1847818913,PROP-71925,شقه,1387.1,شارع الستين، العزيزية,الخبر,True,True,False,2021-03-20,Rejected,MISSING_OWNER_NAME,Owner name is missing.,اسم المالك مفقود.,validated,2026-06-22,seed_v1
HIST-0234,عقد بيع,هند العتيبي,2268181845,PROP-25336,مكتب,1759.7,شارع الستين، البساتين,أبها,False,True,False,2023-09-30,Accepted,MEETS_CRITERIA,All required criteria met. Document accepted.,تم استيفاء جميع المعايير المطلوبة. تم قبول المستند.,validated,2026-06-22,seed_v1
HIST-0034,صك وراثة,نورة الأحمدي,2075273545,PROP-46655,مكتب,1138.2,شارع الأمير سلطان، الروضة,المدينة المنورة,False,True,False,2020-12-29,Accepted,MEETS_CRITERIA,All required criteria met. Document accepted.,تم استيفاء جميع المعايير المطلوبة. تم قبول المستند.,validated,2026-06-22,seed_v1
HIST-0183,صك ملكية,عمر الدوسري,1334680072,PROP-94852,فيلا,1226.2,شارع الملك فهد، النزهة,الدمام,True,True,False,2019-08-27,Accepted,MEETS_CRITERIA,All required criteria met. Document accepted.,تم استيفاء جميع المعايير المطلوبة. تم قبول المستند.,validated,2026-06-22,seed_v1
HIST-0561,عقد بيع,مريم الزهراني,2455116682,PROP-85499,استراحة,1287.3,شارع الأمير سلطان، الملقا,تبوك,True,True,False,2014-02-16,Rejected,EXPIRED_REGISTRATION,Registration date is expired.,تاريخ التسجيل منتهي الصلاحية.,validated,2026-06-22,seed_v1
HIST-0439,عقد إيجار,فهد Al-Ghamdi,2137681511,PROP-76112,محل تجاري,855.6,شارع التحلية، الورود,المدينة المنورة,True,True,True,2021-04-16,Rejected,LIEN_PRESENT,Liens or restrictions are present.,يوجد رهون أو قيود على العقار.,validated,2026-06-22,seed_v1
HIST-0437,صك وراثة,هند الرشيدي,1874302716,PROP-89278,أرض,1080.2,شارع الوزير، البساتين,تبوك,True,True,True,2025-06-14,Rejected,LIEN_PRESENT,Liens or restrictions are present.,يوجد رهون أو قيود على العقار.,validated,2026-06-22,seed_v1
HIST-0028,عقد بيع,بندر العتيبي,2466889373,PROP-45774,مستودع,1002.1,طريق الملك عبدالله، الصفا,أبها,True,True,False,2021-03-26,Accepted,MEETS_CRITERIA,All required criteria met. Document accepted.,تم استيفاء جميع المعايير المطلوبة. تم قبول المستند.,validated,2026-06-22,seed_v1
HIST-0283,توكيل,أحمد الشمري,2556168147,PROP-27635,شقه,1407.6,شارع الستين، الصفا,حائل,False,True,False,2020-08-04,Accepted,MEETS_CRITERIA,All required criteria met. Document accepted.,تم استيفاء جميع المعايير المطلوبة. تم قبول المستند.,validated,2026-06-22,seed_v1
HIST-0271,توكيل,يوسف Al-Qahtani,2205554384,PROP-18127,مكتب,1764.6,شارع الملك فهد، الورود,المدينة المنورة,True,True,False,2022-08-23,Accepted,MEETS_CRITERIA,All required criteria met. Document accepted.,تم استيفاء جميع المعايير المطلوبة. تم قبول المستند.,validated,2026-06-22,seed_v1
HIST-0153,صك ملكية,عمر Al-Qahtani,2884252410,PROP-53910,مستودع,587.6,شارع العليا، الورود,نجران,True,True,False,2019-06-09,Accepted,MEETS_CRITERIA,All required criteria met. Document accepted.,تم استيفاء جميع المعايير المطلوبة. تم قبول المستند.,validated,2026-06-22,seed_v1
HIST-0039,صك وراثة,سعد Al-Shammari,2774964990,PROP-89905,شقه,1898.3,شارع الأمير سلطان، النزهة,الدمام,True,True,False,2024-09-17,Accepted,MEETS_CRITERIA,All required criteria met. Document accepted.,تم استيفاء جميع المعايير المطلوبة. تم قبول المستند.,validated,2026-06-22,seed_v1
HIST-0471,صك ملكية,يوسف الشمري,1606888718,PROP-86640,شقه,1521.8,,مكة المكرمة,True,True,False,2019-10-04,Rejected,INCOMPLETE_ADDRESS,Address is incomplete.,العنوان غير مكتمل.,validated,2026-06-22,seed_v1
HIST-0503,عقد بيع,مريم البقمي,2102252677,PROP-18822,شقه,0,شارع الستين، الملقا,جدة,False,True,False,2025-01-16,Rejected,INVALID_AREA,Area is invalid or missing.,المساحة غير صالحة أو مفقودة.,validated,2026-06-22,seed_v1
HIST-0494,صك وراثة,علي العتيبي,2884434481,PROP-32427,أرض,0,شارع الأمير سلطان، الورود,الرياض,True,True,False,2023-05-12,Rejected,INVALID_AREA,Area is invalid or missing.,المساحة غير صالحة أو مفقودة.,validated,2026-06-22,seed_v1
HIST-0272,عقد بيع,مريم الزهراني,1689363926,PROP-50944,محل تجاري,931.4,شارع التحلية، النزهة,مكة المكرمة,True,True,False,2024-12-04,Accepted,MEETS_CRITERIA,All required criteria met. Document accepted.,تم استيفاء جميع المعايير المطلوبة. تم قبول المستند.,validated,2026-06-22,seed_v1
HIST-0329,صك ملكية,,2905528183,PROP-28141,محل تجاري,522.9,شارع العليا، البساتين,نجران,True,True,False,2018-08-05,Rejected,MISSING_OWNER_NAME,Owner name is missing.,اسم المالك مفقود.,validated,2026-06-22,seed_v1
HIST-0226,صك وراثة,خالد الحربي,2257991366,PROP-27329,شقه,92.1,طريق الملك عبدالله، الملقا,نجران,True,True,False,2024-06-26,Accepted,MEETS_CRITERIA,All required criteria met. Document accepted.,تم استيفاء جميع المعايير المطلوبة. تم قبول المستند.,validated,2026-06-22,seed_v1
HIST-0562,عقد بيع,فهد Al-Ghamdi,2120602128,PROP-79377,مستودع,1814.3,شارع الأمير عبدالعزيز، الملقا,أبها,True,True,False,2012-03-11,Rejected,EXPIRED_REGISTRATION,Registration date is expired.,تاريخ التسجيل منتهي الصلاحية.,validated,2026-06-22,seed_v1
HIST-0244,توكيل,يوسف الرشيدي,2964759876,PROP-31930,فيلا,1717.2,شارع التحلية، النزهة,الدمام,True,True,False,2024-02-11,Accepted,MEETS_CRITERIA,All required criteria met. Document accepted.,تم استيفاء جميع المعايير المطلوبة. تم قبول المستند.,validated,2026-06-22,seed_v1
HIST-0527,توكيل,فاطمة الحربي,3311703037,PROP-97586,شقه,1072.2,شارع الأمير سلطان، البساتين,تبوك,False,True,False,2022-11-12,Rejected,OWNER_ID_MISMATCH,Owner ID format is invalid.,صيغة رقم هوية المالك غير صحيحة.,validated,2026-06-22,seed_v1
HIST-0010,صك ملكية,سعد الشمري,1518347382,PROP-84847,استراحة,531.4,شارع الوزير، الحمراء,المدينة المنورة,True,True,False,2025-06-01,Accepted,MEETS_CRITERIA,All required criteria met. Document accepted.,تم استيفاء جميع المعايير المطلوبة. تم قبول المستند.,validated,2026-06-22,seed_v1
HIST-0147,عقد بيع,فاطمة الزهراني,2136111554,PROP-27973,مستودع,1560.5,شارع التحلية، الملقا,جدة,True,True,False,2019-08-19,Accepted,MEETS_CRITERIA,All required criteria met. Document accepted.,تم استيفاء جميع المعايير المطلوبة. تم قبول المستند.,validated,2026-06-22,seed_v1
HIST-0410,صك ملكية,نورة Al-Shammari,2547435537,PROP-88579,محل تجاري,90.8,شارع التحلية، العزيزية,نجران,False,True,False,2026-06-05,Rejected,NOT_NOTARIZED,Deed of ownership must be notarized.,يجب أن يكون صك الملكية موثقاً.,validated,2026-06-22,seed_v1
HIST-0305,عقد بيع,,1442944401,PROP-89144,فيلا,1825.7,شارع التحلية، البساتين,الخبر,True,True,False,2023-07-18,Rejected,MISSING_OWNER_NAME,Owner name is missing.,اسم المالك مفقود.,validated,2026-06-22,seed_v1
HIST-0300,توكيل,محمد السبيعي,2965666683,PROP-96833,فيلا,981.3,شارع الأمير سلطان، الحمراء,الخبر,False,True,False,2024-09-29,Accepted,MEETS_CRITERIA,All required criteria met. Document accepted.,تم استيفاء جميع المعايير المطلوبة. تم قبول المستند.,validated,2026-06-22,seed_v1
HIST-0142,عقد إيجار,ريم القحطاني,2849825449,PROP-45041,شقه,323.0,طريق الملك عبدالله، العزيزية,الدمام,True,True,False,2018-08-10,Accepted,MEETS_CRITERIA,All required criteria met. Document accepted.,تم استيفاء جميع المعايير المطلوبة. تم قبول المستند.,validated,2026-06-22,seed_v1
HIST-0247,صك وراثة,ناصر البقمي,2831745642,PROP-49789,شقة,60.2,شارع التحلية، الصفا,الدمام,False,True,False,2020-06-22,Accepted,MEETS_CRITERIA,All required criteria met. Document accepted.,تم استيفاء جميع المعايير المطلوبة. تم قبول المستند.,validated,2026-06-22,seed_v1
HIST-0383,عقد بيع,نورة المطيري,2232194168,PROP-12348,شقة,826.2,شارع الملك فهد، الملقا,تبوك,False,False,False,2018-09-19,Rejected,MISSING_OWNER_SIGNATURE,Owner signature is missing.,توقيع المالك مفقود.,validated,2026-06-22,seed_v1
HIST-0393,صك ملكية,إبراهيم الشهري,2328632666,PROP-70129,محل تجاري,1890.9,شارع الوزير، الملقا,الرياض,False,True,False,2025-07-10,Rejected,NOT_NOTARIZED,Deed of ownership must be notarized.,يجب أن يكون صك الملكية موثقاً.,validated,2026-06-22,seed_v1
HIST-0333,توكيل,هند الزهراني,2243754025,,استراحة,1915.1,شارع التحلية، الورود,مكة المكرمة,True,True,False,2018-07-14,Rejected,MISSING_PROPERTY_ID,Property ID is missing.,رقم العقار مفقود.,validated,2026-06-22,seed_v1
HIST-0075,صك وراثة,فاطمة الشمري,2865281685,PROP-12389,محل تجاري,659.2,شارع الأمير سلطان، الصفا,تبوك,True,True,False,2023-12-08,Accepted,MEETS_CRITERIA,All required criteria met. Document accepted.,تم استيفاء جميع المعايير المطلوبة. تم قبول المستند.,validated,2026-06-22,seed_v1
HIST-0343,توكيل,عبدالرحمن Al-Ghamdi,2202845765,,شقه,482.7,شارع الأمير سلطان، النزهة,حائل,True,True,False,2021-10-17,Rejected,MISSING_PROPERTY_ID,Property ID is missing.,رقم العقار مفقود.,validated,2026-06-22,seed_v1
HIST-0301,توكيل,,1010276212,PROP-94180,مستودع,1728.7,طريق الملك عبدالله، الملقا,تبوك,False,True,False,2020-04-13,Rejected,MISSING_OWNER_NAME,Owner name is missing.,اسم المالك مفقود.,validated,2026-06-22,seed_v1
HIST-0516,عقد بيع,يوسف الرشيدي,123456,PROP-84752,مستودع,1656.7,شارع الأمير سلطان، الروضة,نجران,True,True,False,2022-11-04,Rejected,OWNER_ID_MISMATCH,Owner ID format is invalid.,صيغة رقم هوية المالك غير صحيحة.,validated,2026-06-22,seed_v1
HIST-0184,توكيل,فاطمة المطيري,2657437489,PROP-62055,شقه,74.3,شارع الأمير عبدالعزيز، الورود,الدمام,True,True,False,2021-01-26,Accepted,MEETS_CRITERIA,All required criteria met. Document accepted.,تم استيفاء جميع المعايير المطلوبة. تم قبول المستند.,validated,2026-06-22,seed_v1
HIST-0536,عقد إيجار,هند Al-Shammari,123456,PROP-97828,شقة,957.8,شارع الوزير، العزيزية,جدة,True,True,False,2023-06-12,Rejected,OWNER_ID_MISMATCH,Owner ID format is invalid.,صيغة رقم هوية المالك غير صحيحة.,validated,2026-06-22,seed_v1
HIST-0444,صك وراثة,حمد الشهري,1331552065,PROP-11570,مستودع,472.8,شارع الأمير سلطان، الروضة,الدمام,False,True,True,2025-12-25,Rejected,LIEN_PRESENT,Liens or restrictions are present.,يوجد رهون أو قيود على العقار.,validated,2026-06-22,seed_v1
HIST-0328,عقد بيع,,2016580464,PROP-90281,أرض,1588.1,شارع العليا، الصفا,الرياض,False,True,False,2025-11-23,Rejected,MISSING_OWNER_NAME,Owner name is missing.,اسم المالك مفقود.,validated,2026-06-22,seed_v1
HIST-0421,توكيل,ناصر البقمي,1892038806,PROP-55064,أرض,1954.4,شارع الأمير سلطان، الروضة,الخبر,True,True,True,2018-12-26,Rejected,LIEN_PRESENT,Liens or restrictions are present.,يوجد رهون أو قيود على العقار.,validated,2026-06-22,seed_v1
HIST-0137,توكيل,علي Al-Otaibi,1478596969,PROP-24972,محل تجاري,742.9,شارع الوزير، الملقا,الدمام,True,True,False,2018-12-09,Accepted,MEETS_CRITERIA,All required criteria met. Document accepted.,تم استيفاء جميع المعايير المطلوبة. تم قبول المستند.,validated,2026-06-22,seed_v1
HIST-0375,عقد بيع,أحمد الدوسري,1032074276,PROP-25207,استراحة,139.1,شارع الأمير عبدالعزيز، البساتين,تبوك,False,False,False,2025-03-19,Rejected,MISSING_OWNER_SIGNATURE,Owner signature is missing.,توقيع المالك مفقود.,validated,2026-06-22,seed_v1
HIST-0346,صك ملكية,عبدالله الرشيدي,1119393250,,فيلا,1701.0,شارع الستين، الصفا,الخبر,True,True,False,2024-09-03,Rejected,MISSING_PROPERTY_ID,Property ID is missing.,رقم العقار مفقود.,validated,2026-06-22,seed_v1
HIST-0325,توكيل,,1929831687,PROP-38369,استراحة,1683.8,شارع الستين، العزيزية,أبها,True,True,False,2023-09-11,Rejected,MISSING_OWNER_NAME,Owner name is missing.,اسم المالك مفقود.,validated,2026-06-22,seed_v1
HIST-0058,توكيل,أحمد الأحمدي,2317139005,PROP-41925,فيلا,1586.7,شارع الأمير سلطان، الروضة,حائل,True,True,False,2019-11-25,Accepted,MEETS_CRITERIA,All required criteria met. Document accepted.,تم استيفاء جميع المعايير المطلوبة. تم قبول المستند.,validated,2026-06-22,seed_v1
HIST-0179,عقد بيع,هند Al-Qahtani,1246299606,PROP-53449,أرض,155.6,شارع الوزير، الورود,الخبر,True,True,False,2022-09-08,Accepted,MEETS_CRITERIA,All required criteria met. Document accepted.,تم استيفاء جميع المعايير المطلوبة. تم قبول المستند.,validated,2026-06-22,seed_v1
HIST-0045,توكيل,وليد الزهراني,2771093248,PROP-11792,مستودع,240.8,شارع العليا، البساتين,جدة,True,True,False,2020-11-19,Accepted,MEETS_CRITERIA,All required criteria met. Document accepted.,تم استيفاء جميع المعايير المطلوبة. تم قبول المستند.,validated,2026-06-22,seed_v1
HIST-0185,صك ملكية,يوسف المطيري,2444328309,PROP-62965,محل تجاري,1380.7,شارع الملك فهد، البساتين,الدمام,True,True,False,2023-07-26,Accepted,MEETS_CRITERIA,All required criteria met. Document accepted.,تم استيفاء جميع المعايير المطلوبة. تم قبول المستند.,validated,2026-06-22,seed_v1
HIST-0178,صك وراثة,هند Al-Shammari,2162299911,PROP-83752,شقه,1584.3,شارع الأمير عبدالعزيز، الحمراء,الدمام,False,True,False,2019-02-17,Accepted,MEETS_CRITERIA,All required criteria met. Document accepted.,تم استيفاء جميع المعايير المطلوبة. تم قبول المستند.,validated,2026-06-22,seed_v1
HIST-0556,صك وراثة,تركي العنزي,1830440580,PROP-88719,أرض,738.5,شارع العليا، البساتين,جدة,True,True,False,2013-03-12,Rejected,EXPIRED_REGISTRATION,Registration date is expired.,تاريخ التسجيل منتهي الصلاحية.,validated,2026-06-22,seed_v1
HIST-0321,صك ملكية,,1734031277,PROP-33111,فيلا,1360.1,شارع الملك فهد، العزيزية,الخبر,True,True,False,2023-04-12,Rejected,MISSING_OWNER_NAME,Owner name is missing.,اسم المالك مفقود.,validated,2026-06-22,seed_v1
HIST-0493,صك ملكية,ريم الدوسري,2788127868,PROP-61150,مستودع,0,شارع الأمير سلطان، الملقا,الرياض,True,True,False,2024-09-05,Rejected,INVALID_AREA,Area is invalid or missing.,المساحة غير صالحة أو مفقودة.,validated,2026-06-22,seed_v1
HIST-0262,توكيل,نورة العتيبي,1404335048,PROP-77013,فيلا,242.9,شارع الوزير، الصفا,مكة المكرمة,True,True,False,2023-07-03,Accepted,MEETS_CRITERIA,All required criteria met. Document accepted.,تم استيفاء جميع المعايير المطلوبة. تم قبول المستند.,validated,2026-06-22,seed_v1
HIST-0474,عقد إيجار,ناصر الدوسري,1983954296,PROP-19746,مكتب,565.7,,تبوك,True,True,False,2023-08-16,Rejected,INCOMPLETE_ADDRESS,Address is incomplete.,العنوان غير مكتمل.,validated,2026-06-22,seed_v1
HIST-0526,صك وراثة,منيرة العنزي,3401041459,PROP-23466,شقة,494.6,شارع الملك فهد، الملقا,جدة,False,True,False,2018-10-06,Rejected,OWNER_ID_MISMATCH,Owner ID format is invalid.,صيغة رقم هوية المالك غير صحيحة.,validated,2026-06-22,seed_v1
HIST-0365,عقد إيجار,فهد الزهراني,2754090034,PROP-82447,مستودع,660.0,شارع الأمير عبدالعزيز، الروضة,حائل,True,False,False,2021-07-06,Rejected,MISSING_OWNER_SIGNATURE,Owner signature is missing.,توقيع المالك مفقود.,validated,2026-06-22,seed_v1
HIST-0363,صك ملكية,حمد الزهراني,1198189847,PROP-21829,أرض,1223.7,شارع الأمير عبدالعزيز، الصفا,نجران,True,False,False,2022-02-06,Rejected,MISSING_OWNER_SIGNATURE,Owner signature is missing.,توقيع المالك مفقود.,validated,2026-06-22,seed_v1
HIST-0475,عقد بيع,فاطمة الزهراني,1143598926,PROP-30118,محل تجاري,1985.4,,الرياض,True,True,False,2025-08-09,Rejected,INCOMPLETE_ADDRESS,Address is incomplete.,العنوان غير مكتمل.,validated,2026-06-22,seed_v1
HIST-0492,عقد إيجار,علي الشهري,2855716176,PROP-78650,شقة,0,شارع الستين، الملقا,الدمام,True,True,False,2020-02-15,Rejected,INVALID_AREA,Area is invalid or missing.,المساحة غير صالحة أو مفقودة.,validated,2026-06-22,seed_v1
HIST-0200,عقد بيع,حمد السبيعي,1779717751,PROP-75191,شقة,259.1,طريق الملك عبدالله، العزيزية,حائل,True,True,False,2025-06-15,Accepted,MEETS_CRITERIA,All required criteria met. Document accepted.,تم استيفاء جميع المعايير المطلوبة. تم قبول المستند.,validated,2026-06-22,seed_v1
HIST-0026,عقد بيع,أسماء Al-Ghamdi,2277434873,PROP-45992,استراحة,210.3,شارع الستين، النزهة,الدمام,False,True,False,2022-11-21,Accepted,MEETS_CRITERIA,All required criteria met. Document accepted.,تم استيفاء جميع المعايير المطلوبة. تم قبول المستند.,validated,2026-06-22,seed_v1
HIST-0125,عقد إيجار,منيرة الأحمدي,1429396856,PROP-28343,شقه,1031.5,شارع الأمير عبدالعزيز، العزيزية,جدة,False,True,False,2023-11-15,Accepted,MEETS_CRITERIA,All required criteria met. Document accepted.,تم استيفاء جميع المعايير المطلوبة. تم قبول المستند.,validated,2026-06-22,seed_v1
HIST-0350,صك ملكية,مريم Al-Qahtani,1678112669,,فيلا,185.5,شارع الأمير سلطان، الصفا,المدينة المنورة,True,True,False,2019-10-21,Rejected,MISSING_PROPERTY_ID,Property ID is missing.,رقم العقار مفقود.,validated,2026-06-22,seed_v1
HIST-0465,عقد بيع,محمد Al-Ghamdi,2524377294,PROP-29119,شقة,1221.8,,الدمام,False,True,False,2019-05-26,Rejected,INCOMPLETE_ADDRESS,Address is incomplete.,العنوان غير مكتمل.,validated,2026-06-22,seed_v1
HIST-0110,عقد بيع,عبدالرحمن الدوسري,2187072867,PROP-83912,شقة,1144.1,شارع الستين، العزيزية,أبها,False,True,False,2026-06-10,Accepted,MEETS_CRITERIA,All required criteria met. Document accepted.,تم استيفاء جميع المعايير المطلوبة. تم قبول المستند.,validated,2026-06-22,seed_v1
HIST-0378,صك وراثة,تركي العنزي,1304501896,PROP-22130,مستودع,555.0,شارع الأمير سلطان، الحمراء,جدة,True,False,False,2024-02-21,Rejected,MISSING_OWNER_SIGNATURE,Owner signature is missing.,توقيع المالك مفقود.,validated,2026-06-22,seed_v1
HIST-0563,صك ملكية,يوسف العنزي,1015767647,PROP-27643,فيلا,1464.0,شارع العليا، الملقا,الرياض,True,True,False,2008-10-30,Rejected,EXPIRED_REGISTRATION,Registration date is expired.,تاريخ التسجيل منتهي الصلاحية.,validated,2026-06-22,seed_v1
HIST-0359,صك وراثة,بندر الشهري,1514846853,,مستودع,547.5,شارع الوزير، الملقا,الرياض,True,True,False,2020-01-03,Rejected,MISSING_PROPERTY_ID,Property ID is missing.,رقم العقار مفقود.,validated,2026-06-22,seed_v1
HIST-0187,توكيل,عائشة Al-Ghamdi,1513534655,PROP-44152,مكتب,959.7,شارع العليا، البساتين,الرياض,True,True,False,2021-03-06,Accepted,MEETS_CRITERIA,All required criteria met. Document accepted.,تم استيفاء جميع المعايير المطلوبة. تم قبول المستند.,validated,2026-06-22,seed_v1
HIST-0504,عقد إيجار,منيرة الأحمدي,2576769523,PROP-60224,مستودع,0,شارع الوزير، النزهة,أبها,True,True,False,2019-12-17,Rejected,INVALID_AREA,Area is invalid or missing.,المساحة غير صالحة أو مفقودة.,validated,2026-06-22,seed_v1
HIST-0309,توكيل,,2800106181,PROP-99849,استراحة,741.9,شارع الستين، الورود,المدينة المنورة,True,True,False,2026-03-17,Rejected,MISSING_OWNER_NAME,Owner name is missing.,اسم المالك مفقود.,validated,2026-06-22,seed_v1
HIST-0441,عقد إيجار,فاطمة Al-Otaibi,1742209124,PROP-26272,مستودع,386.8,شارع الملك فهد، الورود,مكة المكرمة,False,True,True,2022-06-17,Rejected,LIEN_PRESENT,Liens or restrictions are present.,يوجد رهون أو قيود على العقار.,validated,2026-06-22,seed_v1
HIST-0106,صك وراثة,ماجد Al-Qahtani,1874315274,PROP-34405,شقة,1489.0,شارع الستين، النزهة,مكة المكرمة,False,True,False,2021-09-05,Accepted,MEETS_CRITERIA,All required criteria met. Document accepted.,تم استيفاء جميع المعايير المطلوبة. تم قبول المستند.,validated,2026-06-22,seed_v1
HIST-0427,صك ملكية,ريم Al-Qahtani,1286857872,PROP-52182,محل تجاري,1079.4,شارع الوزير، البساتين,تبوك,True,True,True,2023-06-19,Rejected,LIEN_PRESENT,Liens or restrictions are present.,يوجد رهون أو قيود على العقار.,validated,2026-06-22,seed_v1
HIST-0236,عقد بيع,مريم العنزي,1827553942,PROP-99536,أرض,1028.1,شارع الأمير سلطان، النزهة,المدينة المنورة,False,True,False,2024-02-27,Accepted,MEETS_CRITERIA,All required criteria met. Document accepted.,تم استيفاء جميع المعايير المطلوبة. تم قبول المستند.,validated,2026-06-22,seed_v1
HIST-0067,صك وراثة,عبدالرحمن البقمي,2149784036,PROP-88554,شقة,74.9,شارع الستين، النزهة,مكة المكرمة,False,True,False,2023-03-25,Accepted,MEETS_CRITERIA,All required criteria met. Document accepted.,تم استيفاء جميع المعايير المطلوبة. تم قبول المستند.,validated,2026-06-22,seed_v1
HIST-0535,عقد إيجار,مريم الدوسري,0758575676,PROP-92355,استراحة,1118.9,طريق الملك عبدالله، الحمراء,جدة,True,True,False,2020-07-27,Rejected,OWNER_ID_MISMATCH,Owner ID format is invalid.,صيغة رقم هوية المالك غير صحيحة.,validated,2026-06-22,seed_v1
HIST-0076,عقد إيجار,خالد الشمري,2188805929,PROP-59377,فيلا,374.8,شارع التحلية، البساتين,الرياض,False,True,False,2022-05-22,Accepted,MEETS_CRITERIA,All required criteria met. Document accepted.,تم استيفاء جميع المعايير المطلوبة. تم قبول المستند.,validated,2026-06-22,seed_v1
HIST-0487,عقد بيع,عبدالله الشهري,1928234143,PROP-97337,مستودع,0,شارع العليا، الملقا,المدينة المنورة,True,True,False,2023-11-26,Rejected,INVALID_AREA,Area is invalid or missing.,المساحة غير صالحة أو مفقودة.,validated,2026-06-22,seed_v1
HIST-0507,عقد إيجار,إبراهيم الزهراني,1310962272,PROP-79133,مكتب,0,شارع الأمير عبدالعزيز، البساتين,الرياض,False,True,False,2025-03-24,Rejected,INVALID_AREA,Area is invalid or missing.,المساحة غير صالحة أو مفقودة.,validated,2026-06-22,seed_v1
HIST-0379,عقد إيجار,حمد الأحمدي,2214764925,PROP-97231,شقه,1674.2,شارع الأمير سلطان، البساتين,تبوك,False,False,False,2021-02-17,Rejected,MISSING_OWNER_SIGNATURE,Owner signature is missing.,توقيع المالك مفقود.,validated,2026-06-22,seed_v1
HIST-0299,صك وراثة,ريم الرشيدي,2519098624,PROP-18180,محل تجاري,1808.1,شارع الملك فهد، العزيزية,حائل,False,True,False,2025-03-30,Accepted,MEETS_CRITERIA,All required criteria met. Document accepted.,تم استيفاء جميع المعايير المطلوبة. تم قبول المستند.,validated,2026-06-22,seed_v1
HIST-0154,صك ملكية,بندر Al-Otaibi,2079252419,PROP-98358,شقه,503.1,شارع الملك فهد، العزيزية,الرياض,True,True,False,2023-09-25,Accepted,MEETS_CRITERIA,All required criteria met. Document accepted.,تم استيفاء جميع المعايير المطلوبة. تم قبول المستند.,validated,2026-06-22,seed_v1
HIST-0397,صك ملكية,إبراهيم الغامدي,1174907539,PROP-84133,أرض,739.7,شارع الستين، الملقا,أبها,False,True,False,2025-04-17,Rejected,NOT_NOTARIZED,Deed of ownership must be notarized.,يجب أن يكون صك الملكية موثقاً.,validated,2026-06-22,seed_v1
HIST-0552,صك ملكية,وليد البقمي,1954930596,PROP-66039,شقة,1626.3,طريق الملك عبدالله، الورود,حائل,True,True,False,2010-09-23,Rejected,EXPIRED_REGISTRATION,Registration date is expired.,تاريخ التسجيل منتهي الصلاحية.,validated,2026-06-22,seed_v1
HIST-0246,عقد بيع,سارة الزهراني,1820055778,PROP-45705,استراحة,322.1,شارع التحلية، البساتين,نجران,False,True,False,2020-08-08,Accepted,MEETS_CRITERIA,All required criteria met. Document accepted.,تم استيفاء جميع المعايير المطلوبة. تم قبول المستند.,validated,2026-06-22,seed_v1
HIST-0230,توكيل,وليد Al-Ghamdi,2449562137,PROP-31206,شقه,476.0,طريق الملك عبدالله، الصفا,حائل,True,True,False,2024-09-02,Accepted,MEETS_CRITERIA,All required criteria met. Document accepted.,تم استيفاء جميع المعايير المطلوبة. تم قبول المستند.,validated,2026-06-22,seed_v1
HIST-0364,عقد إيجار,سلطان الدوسري,1123476490,PROP-74272,محل تجاري,1417.3,شارع العليا، الصفا,حائل,False,False,False,2021-02-23,Rejected,MISSING_OWNER_SIGNATURE,Owner signature is missing.,توقيع المالك مفقود.,validated,2026-06-22,seed_v1
HIST-0395,صك ملكية,نورة الزهراني,2738997563,PROP-49522,شقه,131.7,شارع الأمير عبدالعزيز، الحمراء,مكة المكرمة,False,True,False,2024-01-29,Rejected,NOT_NOTARIZED,Deed of ownership must be notarized.,يجب أن يكون صك الملكية موثقاً.,validated,2026-06-22,seed_v1
HIST-0041,صك وراثة,مريم الدوسري,2183242102,PROP-50319,مكتب,912.0,شارع الوزير، الورود,أبها,False,True,False,2020-11-11,Accepted,MEETS_CRITERIA,All required criteria met. Document accepted.,تم استيفاء جميع المعايير المطلوبة. تم قبول المستند.,validated,2026-06-22,seed_v1
HIST-0164,صك وراثة,بندر القحطاني,1462638380,PROP-60134,محل تجاري,990.6,شارع الوزير، الصفا,نجران,False,True,False,2022-02-13,Accepted,MEETS_CRITERIA,All required criteria met. Document accepted.,تم استيفاء جميع المعايير المطلوبة. تم قبول المستند.,validated,2026-06-22,seed_v1
HIST-0124,صك ملكية,ماجد القحطاني,1397401489,PROP-96259,شقة,407.9,شارع الأمير عبدالعزيز، العزيزية,المدينة المنورة,True,True,False,2019-11-22,Accepted,MEETS_CRITERIA,All required criteria met. Document accepted.,تم استيفاء جميع المعايير المطلوبة. تم قبول المستند.,validated,2026-06-22,seed_v1
HIST-0186,عقد بيع,حمد الأحمدي,1993538758,PROP-49347,فيلا,1690.8,شارع التحلية، الورود,جدة,False,True,False,2025-01-14,Accepted,MEETS_CRITERIA,All required criteria met. Document accepted.,تم استيفاء جميع المعايير المطلوبة. تم قبول المستند.,validated,2026-06-22,seed_v1
HIST-0057,عقد بيع,إبراهيم Al-Ghamdi,2926179640,PROP-58566,أرض,920.2,شارع الأمير سلطان، الصفا,جدة,False,True,False,2020-05-14,Accepted,MEETS_CRITERIA,All required criteria met. Document accepted.,تم استيفاء جميع المعايير المطلوبة. تم قبول المستند.,validated,2026-06-22,seed_v1
HIST-0217,صك وراثة,عبدالله الرشيدي,1413975523,PROP-23113,مكتب,1261.9,شارع الأمير سلطان، الصفا,تبوك,False,True,False,2022-10-17,Accepted,MEETS_CRITERIA,All required criteria met. Document accepted.,تم استيفاء جميع المعايير المطلوبة. تم قبول المستند.,validated,2026-06-22,seed_v1
HIST-0016,توكيل,ناصر الحربي,2849808412,PROP-44664,شقه,1786.0,شارع التحلية، الورود,الدمام,True,True,False,2022-08-18,Accepted,MEETS_CRITERIA,All required criteria met. Document accepted.,تم استيفاء جميع المعايير المطلوبة. تم قبول المستند.,validated,2026-06-22,seed_v1
HIST-0228,صك وراثة,ريم الغامدي,2247314986,PROP-43791,أرض,70.6,شارع الملك فهد، الروضة,حائل,True,True,False,2022-04-08,Accepted,MEETS_CRITERIA,All required criteria met. Document accepted.,تم استيفاء جميع المعايير المطلوبة. تم قبول المستند.,validated,2026-06-22,seed_v1
HIST-0544,عقد إيجار,ماجد Al-Shammari,2690819740,PROP-14230,محل تجاري,877.5,شارع الأمير سلطان، الصفا,الرياض,True,True,False,2009-05-07,Rejected,EXPIRED_REGISTRATION,Registration date is expired.,تاريخ التسجيل منتهي الصلاحية.,validated,2026-06-22,seed_v1
HIST-0017,عقد إيجار,مريم المطيري,2401640052,PROP-93507,مكتب,373.5,شارع الوزير، الحمراء,حائل,True,True,False,2025-03-21,Accepted,MEETS_CRITERIA,All required criteria met. Document accepted.,تم استيفاء جميع المعايير المطلوبة. تم قبول المستند.,validated,2026-06-22,seed_v1
HIST-0162,عقد إيجار,علي الأحمدي,2199410137,PROP-26880,شقه,1815.9,شارع الأمير عبدالعزيز، الروضة,الرياض,False,True,False,2025-11-27,Accepted,MEETS_CRITERIA,All required criteria met. Document accepted.,تم استيفاء جميع المعايير المطلوبة. تم قبول المستند.,validated,2026-06-22,seed_v1
HIST-0478,صك وراثة,خالد المطيري,1822269405,PROP-42651,مستودع,1431.2,,الخبر,False,True,False,2020-11-03,Rejected,INCOMPLETE_ADDRESS,Address is incomplete.,العنوان غير مكتمل.,validated,2026-06-22,seed_v1
HIST-0159,عقد إيجار,سعد الرشيدي,2565574313,PROP-27840,شقه,361.5,شارع التحلية، البساتين,تبوك,False,True,False,2021-11-30,Accepted,MEETS_CRITERIA,All required criteria met. Document accepted.,تم استيفاء جميع المعايير المطلوبة. تم قبول المستند.,validated,2026-06-22,seed_v1
HIST-0392,صك ملكية,منيرة Al-Shammari,2125521376,PROP-10863,أرض,1679.5,شارع الوزير، الصفا,الدمام,False,True,False,2025-07-08,Rejected,NOT_NOTARIZED,Deed of ownership must be notarized.,يجب أن يكون صك الملكية موثقاً.,validated,2026-06-22,seed_v1
HIST-0354,عقد إيجار,وليد الرشيدي,1762467197,,استراحة,983.3,شارع التحلية، العزيزية,أبها,False,True,False,2020-12-04,Rejected,MISSING_PROPERTY_ID,Property ID is missing.,رقم العقار مفقود.,validated,2026-06-22,seed_v1
HIST-0339,صك وراثة,يوسف الشمري,2106462879,,أرض,420.9,طريق الملك عبدالله، الورود,حائل,False,True,False,2026-01-01,Rejected,MISSING_PROPERTY_ID,Property ID is missing.,رقم العقار مفقود.,validated,2026-06-22,seed_v1
HIST-0079,صك ملكية,سلطان القحطاني,2853615305,PROP-22987,محل تجاري,1595.3,شارع التحلية، العزيزية,الدمام,True,True,False,2021-03-05,Accepted,MEETS_CRITERIA,All required criteria met. Document accepted.,تم استيفاء جميع المعايير المطلوبة. تم قبول المستند.,validated,2026-06-22,seed_v1
HIST-0434,صك ملكية,خالد الزهراني,2999966361,PROP-80056,مستودع,425.4,شارع العليا، الصفا,نجران,True,True,True,2021-05-30,Rejected,LIEN_PRESENT,Liens or restrictions are present.,يوجد رهون أو قيود على العقار.,validated,2026-06-22,seed_v1
HIST-0508,عقد إيجار,أحمد القحطاني,1820667849,PROP-75781,مكتب,0,طريق الملك عبدالله، الملقا,الدمام,True,True,False,2020-08-16,Rejected,INVALID_AREA,Area is invalid or missing.,المساحة غير صالحة أو مفقودة.,validated,2026-06-22,seed_v1
HIST-0314,توكيل,,1585174328,PROP-15155,مستودع,1341.8,شارع الستين، الحمراء,جدة,False,True,False,2021-01-07,Rejected,MISSING_OWNER_NAME,Owner name is missing.,اسم المالك مفقود.,validated,2026-06-22,seed_v1
HIST-0208,توكيل,وليد القحطاني,1439735989,PROP-35751,أرض,630.7,شارع التحلية، الروضة,مكة المكرمة,True,True,False,2020-09-17,Accepted,MEETS_CRITERIA,All required criteria met. Document accepted.,تم استيفاء جميع المعايير المطلوبة. تم قبول المستند.,validated,2026-06-22,seed_v1
HIST-0347,صك وراثة,منيرة السبيعي,1190833428,,شقه,1853.0,شارع الوزير، الصفا,نجران,True,True,False,2021-07-18,Rejected,MISSING_PROPERTY_ID,Property ID is missing.,رقم العقار مفقود.,validated,2026-06-22,seed_v1
HIST-0566,صك وراثة,منيرة الغامدي,1421388209,PROP-15209,أرض,72.9,شارع الملك فهد، الصفا,المدينة المنورة,False,True,False,2010-09-13,Rejected,EXPIRED_REGISTRATION,Registration date is expired.,تاريخ التسجيل منتهي الصلاحية.,validated,2026-06-22,seed_v1
HIST-0345,عقد إيجار,فاطمة السبيعي,2232161107,,شقة,440.9,شارع الملك فهد، العزيزية,تبوك,True,True,False,2023-08-21,Rejected,MISSING_PROPERTY_ID,Property ID is missing.,رقم العقار مفقود.,validated,2026-06-22,seed_v1
HIST-0210,توكيل,بندر Al-Ghamdi,2158328182,PROP-64516,مستودع,238.4,شارع الأمير سلطان، النزهة,الخبر,False,True,False,2022-06-06,Accepted,MEETS_CRITERIA,All required criteria met. Document accepted.,تم استيفاء جميع المعايير المطلوبة. تم قبول المستند.,validated,2026-06-22,seed_v1
HIST-0510,عقد بيع,علي المطيري,1115950342,PROP-80984,شقه,0,شارع الملك فهد، الورود,المدينة المنورة,True,True,False,2019-04-26,Rejected,INVALID_AREA,Area is invalid or missing.,المساحة غير صالحة أو مفقودة.,validated,2026-06-22,seed_v1
HIST-0156,صك ملكية,عمر السبيعي,1617445187,PROP-11044,محل تجاري,449.3,شارع الستين، النزهة,تبوك,True,True,False,2022-05-06,Accepted,MEETS_CRITERIA,All required criteria met. Document accepted.,تم استيفاء جميع المعايير المطلوبة. تم قبول المستند.,validated,2026-06-22,seed_v1
HIST-0312,عقد إيجار,,1917410119,PROP-42846,استراحة,96.4,شارع الوزير، الملقا,الرياض,True,True,False,2019-01-08,Rejected,MISSING_OWNER_NAME,Owner name is missing.,اسم المالك مفقود.,validated,2026-06-22,seed_v1
HIST-0023,صك وراثة,أسماء العتيبي,2436995777,PROP-98555,أرض,1051.7,شارع التحلية، الروضة,الدمام,False,True,False,2025-06-05,Accepted,MEETS_CRITERIA,All required criteria met. Document accepted.,تم استيفاء جميع المعايير المطلوبة. تم قبول المستند.,validated,2026-06-22,seed_v1
HIST-0174,توكيل,أسماء Al-Qahtani,1103241714,PROP-62096,استراحة,1008.8,شارع الستين، الروضة,حائل,False,True,False,2024-05-26,Accepted,MEETS_CRITERIA,All required criteria met. Document accepted.,تم استيفاء جميع المعايير المطلوبة. تم قبول المستند.,validated,2026-06-22,seed_v1
HIST-0564,توكيل,مريم Al-Otaibi,2572894134,PROP-74656,محل تجاري,153.7,طريق الملك عبدالله، الورود,الخبر,False,True,False,2006-12-28,Rejected,EXPIRED_REGISTRATION,Registration date is expired.,تاريخ التسجيل منتهي الصلاحية.,validated,2026-06-22,seed_v1
HIST-0404,صك ملكية,عمر العتيبي,2339718956,PROP-87187,شقة,1013.5,شارع الملك فهد، الصفا,أبها,False,True,False,2021-10-27,Rejected,NOT_NOTARIZED,Deed of ownership must be notarized.,يجب أن يكون صك الملكية موثقاً.,validated,2026-06-22,seed_v1
HIST-0265,عقد إيجار,خالد القحطاني,2799813646,PROP-29400,فيلا,712.2,شارع الوزير، العزيزية,حائل,False,True,False,2023-07-13,Accepted,MEETS_CRITERIA,All required criteria met. Document accepted.,تم استيفاء جميع المعايير المطلوبة. تم قبول المستند.,validated,2026-06-22,seed_v1
HIST-0015,توكيل,سعد المطيري,2247510799,PROP-23104,شقه,1103.0,شارع الستين، الملقا,الخبر,True,True,False,2023-09-26,Accepted,MEETS_CRITERIA,All required criteria met. Document accepted.,تم استيفاء جميع المعايير المطلوبة. تم قبول المستند.,validated,2026-06-22,seed_v1
HIST-0352,عقد بيع,بندر السبيعي,1010170269,,محل تجاري,356.3,شارع العليا، الروضة,حائل,False,True,False,2021-04-01,Rejected,MISSING_PROPERTY_ID,Property ID is missing.,رقم العقار مفقود.,validated,2026-06-22,seed_v1
HIST-0203,عقد بيع,أسماء الدوسري,2160917798,PROP-27647,استراحة,68.4,شارع الملك فهد، الحمراء,نجران,False,True,False,2020-10-09,Accepted,MEETS_CRITERIA,All required criteria met. Document accepted.,تم استيفاء جميع المعايير المطلوبة. تم قبول المستند.,validated,2026-06-22,seed_v1
HIST-0432,صك وراثة,منيرة الزهراني,2333738987,PROP-70476,محل تجاري,1596.3,شارع الأمير عبدالعزيز، النزهة,أبها,False,True,True,2024-02-15,Rejected,LIEN_PRESENT,Liens or restrictions are present.,يوجد رهون أو قيود على العقار.,validated,2026-06-22,seed_v1
HIST-0565,عقد إيجار,خالد القحطاني,1684995154,PROP-31704,شقه,618.4,شارع الوزير، البساتين,المدينة المنورة,True,True,False,2012-07-28,Rejected,EXPIRED_REGISTRATION,Registration date is expired.,تاريخ التسجيل منتهي الصلاحية.,validated,2026-06-22,seed_v1
HIST-0123,صك وراثة,سعد السبيعي,2101666870,PROP-93459,شقة,1423.5,شارع العليا، البساتين,أبها,False,True,False,2020-02-17,Accepted,MEETS_CRITERIA,All required criteria met. Document accepted.,تم استيفاء جميع المعايير المطلوبة. تم قبول المستند.,validated,2026-06-22,seed_v1
HIST-0231,عقد بيع,سارة العتيبي,1279611435,PROP-20490,شقة,1465.5,طريق الملك عبدالله، الورود,نجران,True,True,False,2024-07-05,Accepted,MEETS_CRITERIA,All required criteria met. Document accepted.,تم استيفاء جميع المعايير المطلوبة. تم قبول المستند.,validated,2026-06-22,seed_v1
HIST-0407,صك ملكية,أحمد العنزي,2861706304,PROP-82623,شقه,537.9,شارع التحلية، الورود,نجران,False,True,False,2021-06-22,Rejected,NOT_NOTARIZED,Deed of ownership must be notarized.,يجب أن يكون صك الملكية موثقاً.,validated,2026-06-22,seed_v1
HIST-0292,صك ملكية,محمد Al-Ghamdi,1385854249,PROP-42089,فيلا,198.2,شارع الأمير عبدالعزيز، البساتين,الرياض,True,True,False,2025-01-06,Accepted,MEETS_CRITERIA,All required criteria met. Document accepted.,تم استيفاء جميع المعايير المطلوبة. تم قبول المستند.,validated,2026-06-22,seed_v1
HIST-0004,توكيل,علي المطيري,1928327648,PROP-38785,محل تجاري,1695.1,شارع الملك فهد، النزهة,الرياض,False,True,False,2021-12-22,Accepted,MEETS_CRITERIA,All required criteria met. Document accepted.,تم استيفاء جميع المعايير المطلوبة. تم قبول المستند.,validated,2026-06-22,seed_v1
HIST-0199,توكيل,مريم الأحمدي,1890028772,PROP-19812,استراحة,682.0,شارع الأمير عبدالعزيز، الورود,الرياض,True,True,False,2020-04-20,Accepted,MEETS_CRITERIA,All required criteria met. Document accepted.,تم استيفاء جميع المعايير المطلوبة. تم قبول المستند.,validated,2026-06-22,seed_v1
HIST-0457,عقد إيجار,ريم الدوسري,2679121416,PROP-26342,مكتب,184.7,,تبوك,False,True,False,2018-12-06,Rejected,INCOMPLETE_ADDRESS,Address is incomplete.,العنوان غير مكتمل.,validated,2026-06-22,seed_v1
HIST-0095,صك ملكية,ناصر الأحمدي,2325953278,PROP-71186,استراحة,1765.4,شارع الوزير، العزيزية,جدة,True,True,False,2022-01-24,Accepted,MEETS_CRITERIA,All required criteria met. Document accepted.,تم استيفاء جميع المعايير المطلوبة. تم قبول المستند.,validated,2026-06-22,seed_v1
HIST-0025,صك ملكية,منيرة الغامدي,2328708317,PROP-27477,استراحة,1355.1,شارع الأمير عبدالعزيز، البساتين,نجران,True,True,False,2020-10-24,Accepted,MEETS_CRITERIA,All required criteria met. Document accepted.,تم استيفاء جميع المعايير المطلوبة. تم قبول المستند.,validated,2026-06-22,seed_v1
HIST-0295,صك ملكية,بندر الغامدي,2772459928,PROP-23491,مستودع,1646.1,شارع العليا، الصفا,حائل,True,True,False,2019-03-11,Accepted,MEETS_CRITERIA,All required criteria met. Document accepted.,تم استيفاء جميع المعايير المطلوبة. تم قبول المستند.,validated,2026-06-22,seed_v1
HIST-0349,صك ملكية,يوسف Al-Qahtani,1647947386,,مستودع,426.2,شارع العليا، البساتين,الخبر,True,True,False,2024-06-18,Rejected,MISSING_PROPERTY_ID,Property ID is missing.,رقم العقار مفقود.,validated,2026-06-22,seed_v1
HIST-0002,عقد إيجار,تركي المطيري,1265423511,PROP-59797,شقه,756.4,شارع الأمير عبدالعزيز، الورود,الرياض,False,True,False,2020-06-17,Accepted,MEETS_CRITERIA,All required criteria met. Document accepted.,تم استيفاء جميع المعايير المطلوبة. تم قبول المستند.,validated,2026-06-22,seed_v1
HIST-0050,صك ملكية,منيرة الغامدي,2240050455,PROP-66450,فيلا,533.7,طريق الملك عبدالله، الملقا,مكة المكرمة,True,True,False,2024-07-05,Accepted,MEETS_CRITERIA,All required criteria met. Document accepted.,تم استيفاء جميع المعايير المطلوبة. تم قبول المستند.,validated,2026-06-22,seed_v1
HIST-0135,عقد بيع,عائشة Al-Otaibi,2140105123,PROP-77632,فيلا,1130.7,شارع الأمير عبدالعزيز، الحمراء,تبوك,True,True,False,2021-12-06,Accepted,MEETS_CRITERIA,All required criteria met. Document accepted.,تم استيفاء جميع المعايير المطلوبة. تم قبول المستند.,validated,2026-06-22,seed_v1
HIST-0522,صك ملكية,عمر Al-Shammari,123456,PROP-38351,محل تجاري,282.7,شارع الأمير سلطان، العزيزية,الخبر,True,True,False,2024-12-02,Rejected,OWNER_ID_MISMATCH,Owner ID format is invalid.,صيغة رقم هوية المالك غير صحيحة.,validated,2026-06-22,seed_v1
HIST-0175,توكيل,حمد البقمي,1704774349,PROP-18079,فيلا,1519.3,شارع العليا، الروضة,الخبر,False,True,False,2019-11-11,Accepted,MEETS_CRITERIA,All required criteria met. Document accepted.,تم استيفاء جميع المعايير المطلوبة. تم قبول المستند.,validated,2026-06-22,seed_v1
HIST-0518,توكيل,مريم الشهري,0786137157,PROP-75064,شقه,1289.0,شارع الملك فهد، الورود,أبها,True,True,False,2023-12-23,Rejected,OWNER_ID_MISMATCH,Owner ID format is invalid.,صيغة رقم هوية المالك غير صحيحة.,validated,2026-06-22,seed_v1
HIST-0317,عقد إيجار,,1204179291,PROP-23937,شقه,1024.5,شارع الأمير سلطان، الروضة,المدينة المنورة,False,True,False,2022-09-10,Rejected,MISSING_OWNER_NAME,Owner name is missing.,اسم المالك مفقود.,validated,2026-06-22,seed_v1
HIST-0169,صك وراثة,فاطمة البقمي,1926442209,PROP-61327,شقة,413.2,شارع الأمير عبدالعزيز، النزهة,نجران,True,True,False,2020-11-28,Accepted,MEETS_CRITERIA,All required criteria met. Document accepted.,تم استيفاء جميع المعايير المطلوبة. تم قبول المستند.,validated,2026-06-22,seed_v1
HIST-0096,صك وراثة,تركي السبيعي,1950047974,PROP-80345,شقة,1703.5,طريق الملك عبدالله، الملقا,الدمام,False,True,False,2021-12-14,Accepted,MEETS_CRITERIA,All required criteria met. Document accepted.,تم استيفاء جميع المعايير المطلوبة. تم قبول المستند.,validated,2026-06-22,seed_v1
HIST-0098,توكيل,وليد البقمي,1398680002,PROP-53652,استراحة,1067.5,شارع التحلية، الملقا,الخبر,False,True,False,2024-08-26,Accepted,MEETS_CRITERIA,All required criteria met. Document accepted.,تم استيفاء جميع المعايير المطلوبة. تم قبول المستند.,validated,2026-06-22,seed_v1
HIST-0273,توكيل,فاطمة Al-Shammari,1629251881,PROP-34134,محل تجاري,1688.7,شارع التحلية، العزيزية,الخبر,False,True,False,2021-11-11,Accepted,MEETS_CRITERIA,All required criteria met. Document accepted.,تم استيفاء جميع المعايير المطلوبة. تم قبول المستند.,validated,2026-06-22,seed_v1
HIST-0176,عقد إيجار,وليد القحطاني,2868793741,PROP-61747,شقة,1034.1,شارع التحلية، الروضة,تبوك,True,True,False,2024-08-07,Accepted,MEETS_CRITERIA,All required criteria met. Document accepted.,تم استيفاء جميع المعايير المطلوبة. تم قبول المستند.,validated,2026-06-22,seed_v1
HIST-0517,عقد إيجار,سلطان Al-Ghamdi,3765289286,PROP-57683,شقة,645.8,شارع الستين، الروضة,تبوك,False,True,False,2021-10-31,Rejected,OWNER_ID_MISMATCH,Owner ID format is invalid.,صيغة رقم هوية المالك غير صحيحة.,validated,2026-06-22,seed_v1
HIST-0182,توكيل,أسماء Al-Otaibi,2103579727,PROP-86923,محل تجاري,727.8,شارع الستين، الروضة,الدمام,True,True,False,2022-02-20,Accepted,MEETS_CRITERIA,All required criteria met. Document accepted.,تم استيفاء جميع المعايير المطلوبة. تم قبول المستند.,validated,2026-06-22,seed_v1
HIST-0394,صك ملكية,يوسف الأحمدي,1606029084,PROP-64959,مستودع,1778.4,شارع الستين، الصفا,الخبر,False,True,False,2023-05-04,Rejected,NOT_NOTARIZED,Deed of ownership must be notarized.,يجب أن يكون صك الملكية موثقاً.,validated,2026-06-22,seed_v1
HIST-0089,عقد بيع,عبدالله العنزي,2188442258,PROP-39391,شقه,1971.2,شارع التحلية، النزهة,تبوك,True,True,False,2022-06-05,Accepted,MEETS_CRITERIA,All required criteria met. Document accepted.,تم استيفاء جميع المعايير المطلوبة. تم قبول المستند.,validated,2026-06-22,seed_v1
HIST-0367,صك ملكية,أسماء الحربي,2815698570,PROP-16828,فيلا,1282.5,شارع التحلية، العزيزية,أبها,True,False,False,2024-03-25,Rejected,MISSING_OWNER_SIGNATURE,Owner signature is missing.,توقيع المالك مفقود.,validated,2026-06-22,seed_v1
HIST-0094,عقد بيع,علي العنزي,1555625881,PROP-51827,أرض,965.0,شارع الستين، البساتين,المدينة المنورة,True,True,False,2025-05-22,Accepted,MEETS_CRITERIA,All required criteria met. Document accepted.,تم استيفاء جميع المعايير المطلوبة. تم قبول المستند.,validated,2026-06-22,seed_v1
HIST-0332,عقد بيع,مريم Al-Ghamdi,1756704310,,محل تجاري,858.7,شارع الأمير عبدالعزيز، الصفا,تبوك,False,True,False,2021-05-04,Rejected,MISSING_PROPERTY_ID,Property ID is missing.,رقم العقار مفقود.,validated,2026-06-22,seed_v1
HIST-0341,عقد بيع,عبدالله البقمي,2964715890,,فيلا,1188.4,شارع التحلية، الصفا,تبوك,True,True,False,2022-06-20,Rejected,MISSING_PROPERTY_ID,Property ID is missing.,رقم العقار مفقود.,validated,2026-06-22,seed_v1
HIST-0090,صك وراثة,هند البقمي,2829114678,PROP-63843,مستودع,1657.3,شارع العليا، الملقا,الخبر,True,True,False,2021-06-05,Accepted,MEETS_CRITERIA,All required criteria met. Document accepted.,تم استيفاء جميع المعايير المطلوبة. تم قبول المستند.,validated,2026-06-22,seed_v1
HIST-0167,عقد بيع,أحمد الشمري,1393087059,PROP-36406,فيلا,721.1,شارع التحلية، الصفا,الرياض,True,True,False,2024-10-25,Accepted,MEETS_CRITERIA,All required criteria met. Document accepted.,تم استيفاء جميع المعايير المطلوبة. تم قبول المستند.,validated,2026-06-22,seed_v1
HIST-0555,صك وراثة,عبدالله المطيري,2172444723,PROP-92619,فيلا,345.0,شارع الملك فهد، النزهة,جدة,True,True,False,2007-10-22,Rejected,EXPIRED_REGISTRATION,Registration date is expired.,تاريخ التسجيل منتهي الصلاحية.,validated,2026-06-22,seed_v1
HIST-0415,صك ملكية,عبدالرحمن Al-Shammari,2758030468,PROP-68833,محل تجاري,70.0,شارع الأمير سلطان، الصفا,جدة,False,True,False,2023-12-11,Rejected,NOT_NOTARIZED,Deed of ownership must be notarized.,يجب أن يكون صك الملكية موثقاً.,validated,2026-06-22,seed_v1
HIST-0239,عقد إيجار,حمد الغامدي,2594284347,PROP-90358,محل تجاري,769.9,شارع الوزير، الحمراء,المدينة المنورة,False,True,False,2018-08-13,Accepted,MEETS_CRITERIA,All required criteria met. Document accepted.,تم استيفاء جميع المعايير المطلوبة. تم قبول المستند.,validated,2026-06-22,seed_v1
HIST-0519,عقد بيع,مريم السبيعي,12345678901,PROP-53920,فيلا,1920.8,طريق الملك عبدالله، النزهة,حائل,False,True,False,2024-04-24,Rejected,OWNER_ID_MISMATCH,Owner ID format is invalid.,صيغة رقم هوية المالك غير صحيحة.,validated,2026-06-22,seed_v1
HIST-0542,صك ملكية,يوسف الحربي,2339785598,PROP-28071,شقه,911.4,طريق الملك عبدالله، الروضة,نجران,True,True,False,2014-01-21,Rejected,EXPIRED_REGISTRATION,Registration date is expired.,تاريخ التسجيل منتهي الصلاحية.,validated,2026-06-22,seed_v1
HIST-0418,صك ملكية,ناصر الشهري,1108046619,PROP-63884,أرض,1737.3,شارع الملك فهد، البساتين,أبها,False,True,False,2021-04-08,Rejected,NOT_NOTARIZED,Deed of ownership must be notarized.,يجب أن يكون صك الملكية موثقاً.,validated,2026-06-22,seed_v1
HIST-0539,عقد إيجار,تركي Al-Otaibi,0244617679,PROP-77245,شقه,398.5,شارع التحلية، الصفا,نجران,False,True,False,2021-04-27,Rejected,OWNER_ID_MISMATCH,Owner ID format is invalid.,صيغة رقم هوية المالك غير صحيحة.,validated,2026-06-22,seed_v1
HIST-0112,عقد بيع,عبدالله Al-Ghamdi,1512868230,PROP-12979,مكتب,958.2,طريق الملك عبدالله، الحمراء,المدينة المنورة,True,True,False,2021-04-23,Accepted,MEETS_CRITERIA,All required criteria met. Document accepted.,تم استيفاء جميع المعايير المطلوبة. تم قبول المستند.,validated,2026-06-22,seed_v1
HIST-0286,توكيل,فهد الشمري,2488501556,PROP-84569,شقة,1674.2,شارع الأمير سلطان، الصفا,الخبر,False,True,False,2021-02-25,Accepted,MEETS_CRITERIA,All required criteria met. Document accepted.,تم استيفاء جميع المعايير المطلوبة. تم قبول المستند.,validated,2026-06-22,seed_v1
HIST-0488,صك ملكية,خالد الأحمدي,1432609310,PROP-59853,مستودع,0,شارع الأمير سلطان، النزهة,الخبر,True,True,False,2021-09-11,Rejected,INVALID_AREA,Area is invalid or missing.,المساحة غير صالحة أو مفقودة.,validated,2026-06-22,seed_v1
HIST-0287,صك ملكية,سارة الزهراني,2278576084,PROP-84048,محل تجاري,1137.0,شارع الملك فهد، النزهة,نجران,True,True,False,2018-10-15,Accepted,MEETS_CRITERIA,All required criteria met. Document accepted.,تم استيفاء جميع المعايير المطلوبة. تم قبول المستند.,validated,2026-06-22,seed_v1
HIST-0454,عقد بيع,مريم الزهراني,2399201166,PROP-86829,شقه,1066.0,,مكة المكرمة,False,True,False,2023-08-22,Rejected,INCOMPLETE_ADDRESS,Address is incomplete.,العنوان غير مكتمل.,validated,2026-06-22,seed_v1
HIST-0055,عقد بيع,عبدالله الزهراني,1685160481,PROP-69609,محل تجاري,1365.3,شارع الستين، الحمراء,الخبر,True,True,False,2018-11-27,Accepted,MEETS_CRITERIA,All required criteria met. Document accepted.,تم استيفاء جميع المعايير المطلوبة. تم قبول المستند.,validated,2026-06-22,seed_v1
HIST-0398,صك ملكية,ماجد الدوسري,2712661106,PROP-27047,استراحة,476.7,شارع العليا، الصفا,حائل,False,True,False,2019-11-17,Rejected,NOT_NOTARIZED,Deed of ownership must be notarized.,يجب أن يكون صك الملكية موثقاً.,validated,2026-06-22,seed_v1
HIST-0525,عقد إيجار,أحمد Al-Qahtani,ABC123,PROP-87485,مستودع,518.7,شارع الملك فهد، الورود,الرياض,True,True,False,2021-04-18,Rejected,OWNER_ID_MISMATCH,Owner ID format is invalid.,صيغة رقم هوية المالك غير صحيحة.,validated,2026-06-22,seed_v1
HIST-0440,صك ملكية,عبدالله Al-Otaibi,2563600412,PROP-52875,استراحة,1000.4,شارع العليا، الروضة,حائل,True,True,True,2019-02-08,Rejected,LIEN_PRESENT,Liens or restrictions are present.,يوجد رهون أو قيود على العقار.,validated,2026-06-22,seed_v1
HIST-0082,صك ملكية,ماجد البقمي,1888880670,PROP-93318,مستودع,1963.2,شارع الستين، العزيزية,الخبر,True,True,False,2025-09-19,Accepted,MEETS_CRITERIA,All required criteria met. Document accepted.,تم استيفاء جميع المعايير المطلوبة. تم قبول المستند.,validated,2026-06-22,seed_v1
HIST-0480,عقد بيع,مريم Al-Shammari,1778816093,PROP-10955,مستودع,1423.0,,حائل,True,True,False,2019-08-31,Rejected,INCOMPLETE_ADDRESS,Address is incomplete.,العنوان غير مكتمل.,validated,2026-06-22,seed_v1
HIST-0080,عقد إيجار,منيرة Al-Qahtani,2901043289,PROP-79176,مستودع,275.7,شارع الستين، النزهة,الدمام,True,True,False,2025-12-09,Accepted,MEETS_CRITERIA,All required criteria met. Document accepted.,تم استيفاء جميع المعايير المطلوبة. تم قبول المستند.,validated,2026-06-22,seed_v1
HIST-0091,عقد بيع,مريم Al-Shammari,2289226801,PROP-77908,فيلا,650.0,شارع التحلية، الصفا,المدينة المنورة,False,True,False,2020-08-27,Accepted,MEETS_CRITERIA,All required criteria met. Document accepted.,تم استيفاء جميع المعايير المطلوبة. تم قبول المستند.,validated,2026-06-22,seed_v1
HIST-0505,عقد بيع,ماجد السبيعي,1350305872,PROP-24438,شقة,0,شارع الأمير عبدالعزيز، الملقا,الدمام,False,True,False,2024-11-09,Rejected,INVALID_AREA,Area is invalid or missing.,المساحة غير صالحة أو مفقودة.,validated,2026-06-22,seed_v1
HIST-0567,عقد بيع,ماجد الزهراني,2411767412,PROP-46497,شقه,1938.8,شارع العليا، النزهة,جدة,False,True,False,2009-10-18,Rejected,EXPIRED_REGISTRATION,Registration date is expired.,تاريخ التسجيل منتهي الصلاحية.,validated,2026-06-22,seed_v1
HIST-0238,توكيل,حمد السبيعي,1086780856,PROP-99959,فيلا,947.0,شارع العليا، البساتين,الخبر,True,True,False,2026-05-05,Accepted,MEETS_CRITERIA,All required criteria met. Document accepted.,تم استيفاء جميع المعايير المطلوبة. تم قبول المستند.,validated,2026-06-22,seed_v1
HIST-0279,صك ملكية,فهد العنزي,1111751868,PROP-90225,فيلا,794.6,طريق الملك عبدالله، العزيزية,مكة المكرمة,True,True,False,2022-09-19,Accepted,MEETS_CRITERIA,All required criteria met. Document accepted.,تم استيفاء جميع المعايير المطلوبة. تم قبول المستند.,validated,2026-06-22,seed_v1
HIST-0101,عقد إيجار,سلطان Al-Shammari,2028385786,PROP-51124,فيلا,951.7,شارع الأمير عبدالعزيز، الصفا,الدمام,False,True,False,2024-04-26,Accepted,MEETS_CRITERIA,All required criteria met. Document accepted.,تم استيفاء جميع المعايير المطلوبة. تم قبول المستند.,validated,2026-06-22,seed_v1
HIST-0144,صك وراثة,محمد الشمري,2518636374,PROP-52318,مكتب,715.2,شارع التحلية، البساتين,الخبر,True,True,False,2025-12-16,Accepted,MEETS_CRITERIA,All required criteria met. Document accepted.,تم استيفاء جميع المعايير المطلوبة. تم قبول المستند.,validated,2026-06-22,seed_v1
HIST-0062,صك ملكية,سارة Al-Ghamdi,1673657661,PROP-50966,مستودع,666.3,شارع الستين، الصفا,مكة المكرمة,True,True,False,2018-10-09,Accepted,MEETS_CRITERIA,All required criteria met. Document accepted.,تم استيفاء جميع المعايير المطلوبة. تم قبول المستند.,validated,2026-06-22,seed_v1
HIST-0400,صك ملكية,عائشة الحربي,2196115940,PROP-78521,فيلا,288.4,شارع الستين، الصفا,الدمام,False,True,False,2023-03-06,Rejected,NOT_NOTARIZED,Deed of ownership must be notarized.,يجب أن يكون صك الملكية موثقاً.,validated,2026-06-22,seed_v1
HIST-0195,صك ملكية,منيرة Al-Shammari,1143744701,PROP-32898,شقة,1713.4,شارع الأمير عبدالعزيز، الصفا,أبها,True,True,False,2025-03-05,Accepted,MEETS_CRITERIA,All required criteria met. Document accepted.,تم استيفاء جميع المعايير المطلوبة. تم قبول المستند.,validated,2026-06-22,seed_v1
HIST-0297,صك وراثة,فاطمة السبيعي,1197199758,PROP-22799,استراحة,401.8,طريق الملك عبدالله، الروضة,نجران,True,True,False,2018-10-15,Accepted,MEETS_CRITERIA,All required criteria met. Document accepted.,تم استيفاء جميع المعايير المطلوبة. تم قبول المستند.,validated,2026-06-22,seed_v1
HIST-0412,صك ملكية,عبدالرحمن Al-Otaibi,2370304531,PROP-90405,مكتب,1628.3,شارع الأمير سلطان، النزهة,تبوك,False,True,False,2022-05-28,Rejected,NOT_NOTARIZED,Deed of ownership must be notarized.,يجب أن يكون صك الملكية موثقاً.,validated,2026-06-22,seed_v1
HIST-0084,عقد إيجار,أحمد العنزي,2868740345,PROP-16265,محل تجاري,590.0,شارع الأمير عبدالعزيز، الحمراء,أبها,False,True,False,2022-02-20,Accepted,MEETS_CRITERIA,All required criteria met. Document accepted.,تم استيفاء جميع المعايير المطلوبة. تم قبول المستند.,validated,2026-06-22,seed_v1
HIST-0344,عقد بيع,عبدالله الغامدي,1075452798,,فيلا,1437.2,شارع الملك فهد، الروضة,المدينة المنورة,True,True,False,2018-09-09,Rejected,MISSING_PROPERTY_ID,Property ID is missing.,رقم العقار مفقود.,validated,2026-06-22,seed_v1
HIST-0385,عقد إيجار,سارة السبيعي,2831472760,PROP-25264,فيلا,1810.7,شارع الوزير، البساتين,تبوك,True,False,False,2021-06-07,Rejected,MISSING_OWNER_SIGNATURE,Owner signature is missing.,توقيع المالك مفقود.,validated,2026-06-22,seed_v1
HIST-0109,توكيل,سلطان Al-Ghamdi,2833918785,PROP-20237,شقه,179.8,شارع الأمير سلطان، الملقا,مكة المكرمة,False,True,False,2020-08-21,Accepted,MEETS_CRITERIA,All required criteria met. Document accepted.,تم استيفاء جميع المعايير المطلوبة. تم قبول المستند.,validated,2026-06-22,seed_v1
HIST-0528,عقد إيجار,بندر الغامدي,3711307240,PROP-23849,فيلا,484.4,شارع الأمير عبدالعزيز، الحمراء,تبوك,True,True,False,2021-12-26,Rejected,OWNER_ID_MISMATCH,Owner ID format is invalid.,صيغة رقم هوية المالك غير صحيحة.,validated,2026-06-22,seed_v1
HIST-0491,صك وراثة,حمد الشمري,1291093371,PROP-19814,محل تجاري,0,شارع الوزير، النزهة,حائل,True,True,False,2025-12-25,Rejected,INVALID_AREA,Area is invalid or missing.,المساحة غير صالحة أو مفقودة.,validated,2026-06-22,seed_v1
HIST-0036,عقد بيع,فهد الرشيدي,2313518233,PROP-73464,مكتب,1465.7,شارع الستين، الروضة,المدينة المنورة,False,True,False,2023-12-04,Accepted,MEETS_CRITERIA,All required criteria met. Document accepted.,تم استيفاء جميع المعايير المطلوبة. تم قبول المستند.,validated,2026-06-22,seed_v1
HIST-0014,صك وراثة,عمر القحطاني,1219136193,PROP-85880,شقة,1261.6,طريق الملك عبدالله، الصفا,الدمام,True,True,False,2018-12-18,Accepted,MEETS_CRITERIA,All required criteria met. Document accepted.,تم استيفاء جميع المعايير المطلوبة. تم قبول المستند.,validated,2026-06-22,seed_v1
HIST-0443,صك ملكية,محمد الشهري,1053131220,PROP-64484,شقه,1642.3,شارع الأمير عبدالعزيز، النزهة,نجران,True,True,True,2024-02-25,Rejected,LIEN_PRESENT,Liens or restrictions are present.,يوجد رهون أو قيود على العقار.,validated,2026-06-22,seed_v1
HIST-0549,صك ملكية,فهد Al-Ghamdi,1753745843,PROP-79054,مكتب,678.6,شارع العليا، العزيزية,الخبر,True,True,False,2007-07-28,Rejected,EXPIRED_REGISTRATION,Registration date is expired.,تاريخ التسجيل منتهي الصلاحية.,validated,2026-06-22,seed_v1
HIST-0222,عقد إيجار,ماجد البقمي,2770051844,PROP-85842,فيلا,790.7,طريق الملك عبدالله، الصفا,نجران,True,True,False,2020-09-05,Accepted,MEETS_CRITERIA,All required criteria met. Document accepted.,تم استيفاء جميع المعايير المطلوبة. تم قبول المستند.,validated,2026-06-22,seed_v1
HIST-0547,عقد إيجار,سلطان الشهري,1171955356,PROP-17592,أرض,510.1,شارع الملك فهد، النزهة,أبها,True,True,False,2007-05-30,Rejected,EXPIRED_REGISTRATION,Registration date is expired.,تاريخ التسجيل منتهي الصلاحية.,validated,2026-06-22,seed_v1
HIST-0374,توكيل,عبدالرحمن العنزي,1274564494,PROP-77760,محل تجاري,905.4,شارع التحلية، الصفا,تبوك,True,False,False,2020-03-29,Rejected,MISSING_OWNER_SIGNATURE,Owner signature is missing.,توقيع المالك مفقود.,validated,2026-06-22,seed_v1
HIST-0037,توكيل,عمر الرشيدي,1824008427,PROP-23446,شقة,1173.7,شارع الوزير، البساتين,تبوك,False,True,False,2024-05-28,Accepted,MEETS_CRITERIA,All required criteria met. Document accepted.,تم استيفاء جميع المعايير المطلوبة. تم قبول المستند.,validated,2026-06-22,seed_v1
HIST-0460,توكيل,فاطمة السبيعي,2797863050,PROP-93070,محل تجاري,1754.5,,المدينة المنورة,False,True,False,2021-12-26,Rejected,INCOMPLETE_ADDRESS,Address is incomplete.,العنوان غير مكتمل.,validated,2026-06-22,seed_v1
HIST-0531,عقد بيع,خالد العتيبي,0094388221,PROP-56156,استراحة,1191.3,شارع الوزير، النزهة,تبوك,True,True,False,2025-12-19,Rejected,OWNER_ID_MISMATCH,Owner ID format is invalid.,صيغة رقم هوية المالك غير صحيحة.,validated,2026-06-22,seed_v1
HIST-0469,عقد بيع,خالد الأحمدي,1013674926,PROP-97914,شقه,1568.8,,تبوك,False,True,False,2026-05-06,Rejected,INCOMPLETE_ADDRESS,Address is incomplete.,العنوان غير مكتمل.,validated,2026-06-22,seed_v1
HIST-0024,عقد إيجار,مريم الرشيدي,1320037917,PROP-64321,أرض,1453.6,طريق الملك عبدالله، البساتين,أبها,True,True,False,2024-10-26,Accepted,MEETS_CRITERIA,All required criteria met. Document accepted.,تم استيفاء جميع المعايير المطلوبة. تم قبول المستند.,validated,2026-06-22,seed_v1
HIST-0319,صك ملكية,,2207100219,PROP-47189,مستودع,1405.4,شارع الوزير، الملقا,المدينة المنورة,True,True,False,2024-11-13,Rejected,MISSING_OWNER_NAME,Owner name is missing.,اسم المالك مفقود.,validated,2026-06-22,seed_v1
HIST-0060,عقد إيجار,فهد القحطاني,1681177589,PROP-24293,استراحة,1037.4,شارع الملك فهد، الورود,تبوك,True,True,False,2025-10-16,Accepted,MEETS_CRITERIA,All required criteria met. Document accepted.,تم استيفاء جميع المعايير المطلوبة. تم قبول المستند.,validated,2026-06-22,seed_v1
HIST-0463,عقد بيع,عبدالله العنزي,1991566863,PROP-39301,مكتب,284.4,,جدة,False,True,False,2019-11-01,Rejected,INCOMPLETE_ADDRESS,Address is incomplete.,العنوان غير مكتمل.,validated,2026-06-22,seed_v1
HIST-0001,صك ملكية,محمد المطيري,1321819600,PROP-22280,أرض,511.4,شارع الملك فهد، النزهة,حائل,True,True,False,2021-10-08,Accepted,MEETS_CRITERIA,All required criteria met. Document accepted.,تم استيفاء جميع المعايير المطلوبة. تم قبول المستند.,validated,2026-06-22,seed_v1
HIST-0462,عقد بيع,عبدالرحمن Al-Qahtani,1332116025,PROP-60264,مكتب,487.5,,جدة,True,True,False,2020-06-24,Rejected,INCOMPLETE_ADDRESS,Address is incomplete.,العنوان غير مكتمل.,validated,2026-06-22,seed_v1
HIST-0337,عقد إيجار,محمد الشمري,2186375998,,محل تجاري,831.3,طريق الملك عبدالله، الصفا,أبها,False,True,False,2026-05-04,Rejected,MISSING_PROPERTY_ID,Property ID is missing.,رقم العقار مفقود.,validated,2026-06-22,seed_v1
HIST-0122,توكيل,محمد Al-Shammari,2211823398,PROP-43084,محل تجاري,578.6,طريق الملك عبدالله، الروضة,الخبر,False,True,False,2021-04-29,Accepted,MEETS_CRITERIA,All required criteria met. Document accepted.,تم استيفاء جميع المعايير المطلوبة. تم قبول المستند.,validated,2026-06-22,seed_v1
HIST-0172,صك ملكية,عبدالله العنزي,1621815997,PROP-14062,مستودع,1888.3,شارع التحلية، الحمراء,مكة المكرمة,True,True,False,2025-11-15,Accepted,MEETS_CRITERIA,All required criteria met. Document accepted.,تم استيفاء جميع المعايير المطلوبة. تم قبول المستند.,validated,2026-06-22,seed_v1
HIST-0158,عقد بيع,أحمد الزهراني,2103865719,PROP-22527,فيلا,1296.2,طريق الملك عبدالله، الروضة,نجران,True,True,False,2021-08-06,Accepted,MEETS_CRITERIA,All required criteria met. Document accepted.,تم استيفاء جميع المعايير المطلوبة. تم قبول المستند.,validated,2026-06-22,seed_v1
HIST-0224,توكيل,نورة الغامدي,1651777392,PROP-94837,مستودع,103.5,شارع الملك فهد، الملقا,نجران,True,True,False,2024-12-18,Accepted,MEETS_CRITERIA,All required criteria met. Document accepted.,تم استيفاء جميع المعايير المطلوبة. تم قبول المستند.,validated,2026-06-22,seed_v1
HIST-0533,توكيل,ناصر الدوسري,0498247414,PROP-47802,شقه,1940.8,شارع الوزير، الملقا,تبوك,True,True,False,2020-08-10,Rejected,OWNER_ID_MISMATCH,Owner ID format is invalid.,صيغة رقم هوية المالك غير صحيحة.,validated,2026-06-22,seed_v1
HIST-0258,عقد إيجار,عبدالرحمن Al-Qahtani,1109678994,PROP-16433,محل تجاري,488.2,شارع العليا، العزيزية,المدينة المنورة,False,True,False,2025-07-30,Accepted,MEETS_CRITERIA,All required criteria met. Document accepted.,تم استيفاء جميع المعايير المطلوبة. تم قبول المستند.,validated,2026-06-22,seed_v1
HIST-0071,توكيل,علي الحربي,1127799799,PROP-52363,محل تجاري,352.9,شارع العليا، البساتين,تبوك,False,True,False,2023-05-24,Accepted,MEETS_CRITERIA,All required criteria met. Document accepted.,تم استيفاء جميع المعايير المطلوبة. تم قبول المستند.,validated,2026-06-22,seed_v1
HIST-0431,عقد إيجار,يوسف الدوسري,2444392840,PROP-49252,مكتب,1655.3,طريق الملك عبدالله، الحمراء,نجران,True,True,True,2021-03-07,Rejected,LIEN_PRESENT,Liens or restrictions are present.,يوجد رهون أو قيود على العقار.,validated,2026-06-22,seed_v1
HIST-0322,عقد إيجار,,2970108220,PROP-73577,شقه,197.5,شارع الأمير سلطان، البساتين,نجران,False,True,False,2021-10-10,Rejected,MISSING_OWNER_NAME,Owner name is missing.,اسم المالك مفقود.,validated,2026-06-22,seed_v1
HIST-0261,توكيل,وليد العنزي,2665939836,PROP-82120,مكتب,758.4,شارع الوزير، البساتين,أبها,True,True,False,2026-02-01,Accepted,MEETS_CRITERIA,All required criteria met. Document accepted.,تم استيفاء جميع المعايير المطلوبة. تم قبول المستند.,validated,2026-06-22,seed_v1
HIST-0198,عقد إيجار,بندر Al-Qahtani,1670145089,PROP-84057,أرض,1957.1,شارع الأمير عبدالعزيز، الروضة,أبها,True,True,False,2021-01-26,Accepted,MEETS_CRITERIA,All required criteria met. Document accepted.,تم استيفاء جميع المعايير المطلوبة. تم قبول المستند.,validated,2026-06-22,seed_v1
HIST-0148,عقد إيجار,تركي البقمي,1269731121,PROP-87276,مستودع,742.0,طريق الملك عبدالله، الصفا,مكة المكرمة,True,True,False,2023-05-15,Accepted,MEETS_CRITERIA,All required criteria met. Document accepted.,تم استيفاء جميع المعايير المطلوبة. تم قبول المستند.,validated,2026-06-22,seed_v1
HIST-0368,توكيل,يوسف الشمري,1238296577,PROP-27499,مكتب,396.5,شارع الأمير عبدالعزيز، الورود,المدينة المنورة,True,False,False,2021-10-29,Rejected,MISSING_OWNER_SIGNATURE,Owner signature is missing.,توقيع المالك مفقود.,validated,2026-06-22,seed_v1
HIST-0340,توكيل,أسماء الرشيدي,2873002447,,مكتب,869.3,شارع الوزير، النزهة,الرياض,True,True,False,2023-05-14,Rejected,MISSING_PROPERTY_ID,Property ID is missing.,رقم العقار مفقود.,validated,2026-06-22,seed_v1
HIST-0197,عقد بيع,ريم الشهري,1120216979,PROP-98918,استراحة,411.6,طريق الملك عبدالله، الصفا,نجران,True,True,False,2018-10-19,Accepted,MEETS_CRITERIA,All required criteria met. Document accepted.,تم استيفاء جميع المعايير المطلوبة. تم قبول المستند.,validated,2026-06-22,seed_v1
HIST-0355,صك وراثة,حمد البقمي,2500902559,,محل تجاري,798.3,طريق الملك عبدالله، الصفا,الخبر,False,True,False,2022-07-15,Rejected,MISSING_PROPERTY_ID,Property ID is missing.,رقم العقار مفقود.,validated,2026-06-22,seed_v1
HIST-0448,صك ملكية,ماجد الشهري,2035533803,PROP-39156,مستودع,1071.7,شارع التحلية، البساتين,الرياض,True,True,True,2025-10-01,Rejected,LIEN_PRESENT,Liens or restrictions are present.,يوجد رهون أو قيود على العقار.,validated,2026-06-22,seed_v1
HIST-0134,عقد بيع,منيرة Al-Shammari,1507146112,PROP-55656,مكتب,725.5,شارع الأمير سلطان، البساتين,الخبر,False,True,False,2025-05-19,Accepted,MEETS_CRITERIA,All required criteria met. Document accepted.,تم استيفاء جميع المعايير المطلوبة. تم قبول المستند.,validated,2026-06-22,seed_v1
HIST-0315,صك ملكية,,1203093761,PROP-80851,مكتب,1029.4,شارع الوزير، العزيزية,الرياض,True,True,False,2022-09-02,Rejected,MISSING_OWNER_NAME,Owner name is missing.,اسم المالك مفقود.,validated,2026-06-22,seed_v1
HIST-0033,عقد بيع,فاطمة الزهراني,2284987769,PROP-45179,محل تجاري,1712.3,شارع العليا، الورود,تبوك,True,True,False,2021-04-06,Accepted,MEETS_CRITERIA,All required criteria met. Document accepted.,تم استيفاء جميع المعايير المطلوبة. تم قبول المستند.,validated,2026-06-22,seed_v1
HIST-0252,عقد إيجار,أسماء المطيري,2013673037,PROP-22315,أرض,977.3,شارع الستين، الصفا,مكة المكرمة,True,True,False,2020-04-23,Accepted,MEETS_CRITERIA,All required criteria met. Document accepted.,تم استيفاء جميع المعايير المطلوبة. تم قبول المستند.,validated,2026-06-22,seed_v1
HIST-0485,عقد إيجار,عبدالرحمن الدوسري,2026650237,PROP-97194,مكتب,0,شارع الوزير، البساتين,مكة المكرمة,False,True,False,2021-12-28,Rejected,INVALID_AREA,Area is invalid or missing.,المساحة غير صالحة أو مفقودة.,validated,2026-06-22,seed_v1
HIST-0468,عقد إيجار,علي الدوسري,1591266201,PROP-56607,استراحة,408.5,,حائل,False,True,False,2019-10-27,Rejected,INCOMPLETE_ADDRESS,Address is incomplete.,العنوان غير مكتمل.,validated,2026-06-22,seed_v1
HIST-0046,توكيل,ماجد المطيري,2773782639,PROP-76616,فيلا,1736.2,شارع الستين، الحمراء,الخبر,False,True,False,2026-06-12,Accepted,MEETS_CRITERIA,All required criteria met. Document accepted.,تم استيفاء جميع المعايير المطلوبة. تم قبول المستند.,validated,2026-06-22,seed_v1
HIST-0318,عقد بيع,,1530925114,PROP-28512,مستودع,386.0,شارع الأمير عبدالعزيز، الملقا,تبوك,True,True,False,2019-12-13,Rejected,MISSING_OWNER_NAME,Owner name is missing.,اسم المالك مفقود.,validated,2026-06-22,seed_v1
HIST-0388,عقد إيجار,بندر البقمي,2383959724,PROP-61166,مستودع,1676.2,شارع الأمير عبدالعزيز، البساتين,مكة المكرمة,True,False,False,2023-04-23,Rejected,MISSING_OWNER_SIGNATURE,Owner signature is missing.,توقيع المالك مفقود.,validated,2026-06-22,seed_v1
HIST-0188,عقد إيجار,ماجد الغامدي,2846022356,PROP-84632,استراحة,337.9,شارع التحلية، الروضة,تبوك,False,True,False,2019-05-26,Accepted,MEETS_CRITERIA,All required criteria met. Document accepted.,تم استيفاء جميع المعايير المطلوبة. تم قبول المستند.,validated,2026-06-22,seed_v1
HIST-0027,صك وراثة,عبدالله الزهراني,1362316658,PROP-71069,مستودع,180.8,طريق الملك عبدالله، الحمراء,نجران,True,True,False,2020-01-07,Accepted,MEETS_CRITERIA,All required criteria met. Document accepted.,تم استيفاء جميع المعايير المطلوبة. تم قبول المستند.,validated,2026-06-22,seed_v1
HIST-0335,عقد إيجار,وليد الرشيدي,1067275208,,محل تجاري,1315.7,شارع الستين، البساتين,الدمام,True,True,False,2020-02-19,Rejected,MISSING_PROPERTY_ID,Property ID is missing.,رقم العقار مفقود.,validated,2026-06-22,seed_v1
HIST-0313,عقد بيع,,2690877661,PROP-80795,أرض,66.4,شارع الوزير، الروضة,نجران,False,True,False,2022-09-26,Rejected,MISSING_OWNER_NAME,Owner name is missing.,اسم المالك مفقود.,validated,2026-06-22,seed_v1
HIST-0481,عقد بيع,عمر Al-Shammari,1215285067,PROP-59688,فيلا,0,شارع العليا، الصفا,المدينة المنورة,True,True,False,2023-03-22,Rejected,INVALID_AREA,Area is invalid or missing.,المساحة غير صالحة أو مفقودة.,validated,2026-06-22,seed_v1
HIST-0428,صك وراثة,حمد القحطاني,1337363466,PROP-84890,فيلا,1874.9,شارع الأمير عبدالعزيز، الورود,حائل,True,True,True,2024-12-19,Rejected,LIEN_PRESENT,Liens or restrictions are present.,يوجد رهون أو قيود على العقار.,validated,2026-06-22,seed_v1
HIST-0131,عقد بيع,هند السبيعي,2646519398,PROP-33583,شقة,1908.8,شارع الوزير، النزهة,تبوك,False,True,False,2018-09-15,Accepted,MEETS_CRITERIA,All required criteria met. Document accepted.,تم استيفاء جميع المعايير المطلوبة. تم قبول المستند.,validated,2026-06-22,seed_v1
HIST-0372,عقد إيجار,يوسف الأحمدي,1669411800,PROP-53628,أرض,973.6,شارع الأمير عبدالعزيز، العزيزية,الرياض,False,False,False,2020-10-25,Rejected,MISSING_OWNER_SIGNATURE,Owner signature is missing.,توقيع المالك مفقود.,validated,2026-06-22,seed_v1
HIST-0189,عقد إيجار,يوسف القحطاني,1743292712,PROP-90541,مستودع,1289.0,طريق الملك عبدالله، الحمراء,تبوك,False,True,False,2026-06-03,Accepted,MEETS_CRITERIA,All required criteria met. Document accepted.,تم استيفاء جميع المعايير المطلوبة. تم قبول المستند.,validated,2026-06-22,seed_v1
HIST-0157,صك وراثة,بندر الدوسري,1206038505,PROP-10191,مستودع,1707.1,شارع الستين، الروضة,المدينة المنورة,True,True,False,2021-10-07,Accepted,MEETS_CRITERIA,All required criteria met. Document accepted.,تم استيفاء جميع المعايير المطلوبة. تم قبول المستند.,validated,2026-06-22,seed_v1
HIST-0219,عقد بيع,إبراهيم الرشيدي,2812914283,PROP-44502,شقه,1471.2,شارع الملك فهد، العزيزية,نجران,False,True,False,2019-11-10,Accepted,MEETS_CRITERIA,All required criteria met. Document accepted.,تم استيفاء جميع المعايير المطلوبة. تم قبول المستند.,validated,2026-06-22,seed_v1
HIST-0413,صك ملكية,فهد Al-Qahtani,1036149872,PROP-82323,أرض,1340.1,شارع التحلية، الروضة,نجران,False,True,False,2025-01-13,Rejected,NOT_NOTARIZED,Deed of ownership must be notarized.,يجب أن يكون صك الملكية موثقاً.,validated,2026-06-22,seed_v1
HIST-0430,صك ملكية,عمر Al-Otaibi,1415148881,PROP-46231,أرض,250.9,شارع العليا، الصفا,الرياض,True,True,True,2020-05-08,Rejected,LIEN_PRESENT,Liens or restrictions are present.,يوجد رهون أو قيود على العقار.,validated,2026-06-22,seed_v1
HIST-0099,عقد بيع,نورة الرشيدي,2888794705,PROP-53416,شقه,1961.0,شارع الستين، العزيزية,نجران,False,True,False,2023-07-01,Accepted,MEETS_CRITERIA,All required criteria met. Document accepted.,تم استيفاء جميع المعايير المطلوبة. تم قبول المستند.,validated,2026-06-22,seed_v1
HIST-0452,عقد إيجار,خالد الدوسري,1085766656,PROP-74166,مكتب,1303.6,,الرياض,True,True,False,2022-02-27,Rejected,INCOMPLETE_ADDRESS,Address is incomplete.,العنوان غير مكتمل.,validated,2026-06-22,seed_v1
HIST-0177,عقد إيجار,ريم الدوسري,1061632945,PROP-18783,شقه,812.9,طريق الملك عبدالله، الصفا,الدمام,False,True,False,2026-05-03,Accepted,MEETS_CRITERIA,All required criteria met. Document accepted.,تم استيفاء جميع المعايير المطلوبة. تم قبول المستند.,validated,2026-06-22,seed_v1
HIST-0116,عقد إيجار,ريم Al-Otaibi,1866882634,PROP-36651,محل تجاري,1314.6,شارع الوزير، الصفا,جدة,True,True,False,2025-11-23,Accepted,MEETS_CRITERIA,All required criteria met. Document accepted.,تم استيفاء جميع المعايير المطلوبة. تم قبول المستند.,validated,2026-06-22,seed_v1
HIST-0180,توكيل,ناصر المطيري,2132475469,PROP-94614,شقه,424.6,شارع الأمير سلطان، الحمراء,تبوك,False,True,False,2025-11-04,Accepted,MEETS_CRITERIA,All required criteria met. Document accepted.,تم استيفاء جميع المعايير المطلوبة. تم قبول المستند.,validated,2026-06-22,seed_v1
HIST-0282,صك ملكية,سارة البقمي,1209945101,PROP-64651,فيلا,373.0,شارع الستين، الملقا,تبوك,True,True,False,2019-12-25,Accepted,MEETS_CRITERIA,All required criteria met. Document accepted.,تم استيفاء جميع المعايير المطلوبة. تم قبول المستند.,validated,2026-06-22,seed_v1
HIST-0486,صك وراثة,عائشة الأحمدي,1110225803,PROP-16820,محل تجاري,0,شارع الملك فهد، الحمراء,تبوك,False,True,False,2023-04-24,Rejected,INVALID_AREA,Area is invalid or missing.,المساحة غير صالحة أو مفقودة.,validated,2026-06-22,seed_v1
HIST-0240,توكيل,إبراهيم الأحمدي,2729293143,PROP-82789,مستودع,1721.2,شارع الأمير سلطان، الملقا,مكة المكرمة,False,True,False,2026-05-14,Accepted,MEETS_CRITERIA,All required criteria met. Document accepted.,تم استيفاء جميع المعايير المطلوبة. تم قبول المستند.,validated,2026-06-22,seed_v1
HIST-0032,صك وراثة,فاطمة السبيعي,1491905865,PROP-19038,محل تجاري,84.5,طريق الملك عبدالله، البساتين,جدة,False,True,False,2022-05-31,Accepted,MEETS_CRITERIA,All required criteria met. Document accepted.,تم استيفاء جميع المعايير المطلوبة. تم قبول المستند.,validated,2026-06-22,seed_v1
HIST-0277,عقد بيع,أسماء القحطاني,1886086803,PROP-48165,استراحة,832.2,شارع الستين، الورود,تبوك,True,True,False,2021-09-26,Accepted,MEETS_CRITERIA,All required criteria met. Document accepted.,تم استيفاء جميع المعايير المطلوبة. تم قبول المستند.,validated,2026-06-22,seed_v1
HIST-0293,صك ملكية,بندر القحطاني,1601662997,PROP-90781,محل تجاري,666.1,شارع الأمير سلطان، الروضة,تبوك,True,True,False,2020-02-09,Accepted,MEETS_CRITERIA,All required criteria met. Document accepted.,تم استيفاء جميع المعايير المطلوبة. تم قبول المستند.,validated,2026-06-22,seed_v1
HIST-0429,صك ملكية,ناصر Al-Otaibi,2390789567,PROP-71282,مستودع,853.4,شارع الوزير، الصفا,الدمام,True,True,True,2022-03-09,Rejected,LIEN_PRESENT,Liens or restrictions are present.,يوجد رهون أو قيود على العقار.,validated,2026-06-22,seed_v1
HIST-0276,عقد إيجار,منيرة الدوسري,1279757366,PROP-15482,مستودع,1457.2,طريق الملك عبدالله، العزيزية,حائل,True,True,False,2021-05-30,Accepted,MEETS_CRITERIA,All required criteria met. Document accepted.,تم استيفاء جميع المعايير المطلوبة. تم قبول المستند.,validated,2026-06-22,seed_v1
HIST-0497,صك وراثة,سارة الأحمدي,1736527172,PROP-70213,فيلا,0,شارع التحلية، النزهة,نجران,False,True,False,2024-06-14,Rejected,INVALID_AREA,Area is invalid or missing.,المساحة غير صالحة أو مفقودة.,validated,2026-06-22,seed_v1
HIST-0103,صك ملكية,ناصر الشمري,2747338484,PROP-27992,شقه,1254.4,شارع الأمير سلطان، النزهة,الرياض,True,True,False,2018-12-18,Accepted,MEETS_CRITERIA,All required criteria met. Document accepted.,تم استيفاء جميع المعايير المطلوبة. تم قبول المستند.,validated,2026-06-22,seed_v1
HIST-0097,توكيل,أحمد الأحمدي,1983584168,PROP-69028,مكتب,1661.1,شارع العليا، الملقا,جدة,False,True,False,2022-04-16,Accepted,MEETS_CRITERIA,All required criteria met. Document accepted.,تم استيفاء جميع المعايير المطلوبة. تم قبول المستند.,validated,2026-06-22,seed_v1
HIST-0553,صك وراثة,عائشة Al-Shammari,2267320441,PROP-42759,مكتب,714.8,طريق الملك عبدالله، العزيزية,نجران,False,True,False,2012-06-20,Rejected,EXPIRED_REGISTRATION,Registration date is expired.,تاريخ التسجيل منتهي الصلاحية.,validated,2026-06-22,seed_v1
HIST-0357,عقد بيع,هند العتيبي,2696591713,,استراحة,1035.4,شارع الأمير عبدالعزيز، الملقا,نجران,False,True,False,2022-05-26,Rejected,MISSING_PROPERTY_ID,Property ID is missing.,رقم العقار مفقود.,validated,2026-06-22,seed_v1
HIST-0035,صك وراثة,منيرة السبيعي,2770143634,PROP-97026,محل تجاري,978.1,شارع الأمير عبدالعزيز، الحمراء,حائل,False,True,False,2022-07-12,Accepted,MEETS_CRITERIA,All required criteria met. Document accepted.,تم استيفاء جميع المعايير المطلوبة. تم قبول المستند.,validated,2026-06-22,seed_v1
HIST-0557,توكيل,هند البقمي,2164205955,PROP-63495,محل تجاري,973.1,شارع الستين، العزيزية,مكة المكرمة,False,True,False,2012-03-21,Rejected,EXPIRED_REGISTRATION,Registration date is expired.,تاريخ التسجيل منتهي الصلاحية.,validated,2026-06-22,seed_v1
HIST-0077,عقد إيجار,تركي الرشيدي,2383473597,PROP-70513,مكتب,1569.6,طريق الملك عبدالله، الملقا,المدينة المنورة,True,True,False,2023-09-02,Accepted,MEETS_CRITERIA,All required criteria met. Document accepted.,تم استيفاء جميع المعايير المطلوبة. تم قبول المستند.,validated,2026-06-22,seed_v1
HIST-0092,توكيل,عبدالله المطيري,1842498182,PROP-87569,فيلا,392.1,شارع الأمير عبدالعزيز، العزيزية,الرياض,True,True,False,2025-12-18,Accepted,MEETS_CRITERIA,All required criteria met. Document accepted.,تم استيفاء جميع المعايير المطلوبة. تم قبول المستند.,validated,2026-06-22,seed_v1
HIST-0214,عقد بيع,سلطان العنزي,1618091901,PROP-56884,شقه,622.3,شارع الستين، الروضة,الدمام,False,True,False,2022-03-13,Accepted,MEETS_CRITERIA,All required criteria met. Document accepted.,تم استيفاء جميع المعايير المطلوبة. تم قبول المستند.,validated,2026-06-22,seed_v1
HIST-0163,عقد إيجار,هند الشهري,2706625324,PROP-46681,استراحة,1773.8,شارع الملك فهد، النزهة,الدمام,False,True,False,2021-11-08,Accepted,MEETS_CRITERIA,All required criteria met. Document accepted.,تم استيفاء جميع المعايير المطلوبة. تم قبول المستند.,validated,2026-06-22,seed_v1
HIST-0006,صك وراثة,بندر الشمري,1122691669,PROP-71348,مكتب,1943.9,شارع الملك فهد، الروضة,حائل,False,True,False,2019-04-15,Accepted,MEETS_CRITERIA,All required criteria met. Document accepted.,تم استيفاء جميع المعايير المطلوبة. تم قبول المستند.,validated,2026-06-22,seed_v1
HIST-0458,صك ملكية,محمد القحطاني,2090138069,PROP-78167,مكتب,1868.3,,نجران,True,True,False,2021-08-28,Rejected,INCOMPLETE_ADDRESS,Address is incomplete.,العنوان غير مكتمل.,validated,2026-06-22,seed_v1
HIST-0320,توكيل,,2329092791,PROP-92207,مكتب,734.8,شارع الملك فهد، النزهة,المدينة المنورة,True,True,False,2020-07-12,Rejected,MISSING_OWNER_NAME,Owner name is missing.,اسم المالك مفقود.,validated,2026-06-22,seed_v1
HIST-0455,توكيل,ماجد Al-Ghamdi,2946119524,PROP-37462,مستودع,1416.1,,تبوك,True,True,False,2025-05-22,Rejected,INCOMPLETE_ADDRESS,Address is incomplete.,العنوان غير مكتمل.,validated,2026-06-22,seed_v1
HIST-0070,صك ملكية,حمد الرشيدي,2352181883,PROP-55793,محل تجاري,1471.1,شارع التحلية، النزهة,جدة,True,True,False,2024-10-31,Accepted,MEETS_CRITERIA,All required criteria met. Document accepted.,تم استيفاء جميع المعايير المطلوبة. تم قبول المستند.,validated,2026-06-22,seed_v1
HIST-0506,صك وراثة,سلطان السبيعي,1302126065,PROP-17088,شقه,0,شارع العليا، البساتين,نجران,True,True,False,2026-02-19,Rejected,INVALID_AREA,Area is invalid or missing.,المساحة غير صالحة أو مفقودة.,validated,2026-06-22,seed_v1
HIST-0351,عقد بيع,عبدالرحمن السبيعي,2749946579,,استراحة,1052.1,شارع التحلية، البساتين,جدة,True,True,False,2023-08-31,Rejected,MISSING_PROPERTY_ID,Property ID is missing.,رقم العقار مفقود.,validated,2026-06-22,seed_v1
HIST-0521,صك وراثة,عبدالرحمن الغامدي,,PROP-23195,استراحة,1603.2,طريق الملك عبدالله، الروضة,تبوك,True,True,False,2024-02-12,Rejected,OWNER_ID_MISMATCH,Owner ID format is invalid.,صيغة رقم هوية المالك غير صحيحة.,validated,2026-06-22,seed_v1
HIST-0423,عقد إيجار,سعد Al-Qahtani,2636205015,PROP-13934,شقه,336.3,شارع الوزير، النزهة,نجران,False,True,True,2025-12-25,Rejected,LIEN_PRESENT,Liens or restrictions are present.,يوجد رهون أو قيود على العقار.,validated,2026-06-22,seed_v1
HIST-0129,توكيل,ناصر المطيري,2212646471,PROP-57333,مكتب,1891.8,شارع الوزير، النزهة,تبوك,True,True,False,2024-12-15,Accepted,MEETS_CRITERIA,All required criteria met. Document accepted.,تم استيفاء جميع المعايير المطلوبة. تم قبول المستند.,validated,2026-06-22,seed_v1
HIST-0266,صك ملكية,حمد Al-Shammari,2227837693,PROP-83553,أرض,530.1,شارع الستين، الحمراء,الخبر,True,True,False,2018-10-18,Accepted,MEETS_CRITERIA,All required criteria met. Document accepted.,تم استيفاء جميع المعايير المطلوبة. تم قبول المستند.,validated,2026-06-22,seed_v1
HIST-0306,عقد إيجار,,1512927663,PROP-96594,استراحة,1468.4,شارع التحلية، النزهة,نجران,False,True,False,2025-11-12,Rejected,MISSING_OWNER_NAME,Owner name is missing.,اسم المالك مفقود.,validated,2026-06-22,seed_v1
HIST-0105,صك ملكية,منيرة الشمري,1802620672,PROP-47941,شقة,78.0,شارع العليا، الصفا,الدمام,True,True,False,2021-05-18,Accepted,MEETS_CRITERIA,All required criteria met. Document accepted.,تم استيفاء جميع المعايير المطلوبة. تم قبول المستند.,validated,2026-06-22,seed_v1
HIST-0308,عقد بيع,,1185694544,PROP-22881,مكتب,1329.4,طريق الملك عبدالله، البساتين,المدينة المنورة,True,True,False,2020-08-23,Rejected,MISSING_OWNER_NAME,Owner name is missing.,اسم المالك مفقود.,validated,2026-06-22,seed_v1
HIST-0511,صك ملكية,سعد المطيري,123456,PROP-50449,شقة,1962.3,شارع الستين، الحمراء,حائل,True,True,False,2024-04-15,Rejected,OWNER_ID_MISMATCH,Owner ID format is invalid.,صيغة رقم هوية المالك غير صحيحة.,validated,2026-06-22,seed_v1
HIST-0405,صك ملكية,ماجد العنزي,2411182422,PROP-43496,شقه,359.2,طريق الملك عبدالله، الملقا,الرياض,False,True,False,2019-08-02,Rejected,NOT_NOTARIZED,Deed of ownership must be notarized.,يجب أن يكون صك الملكية موثقاً.,validated,2026-06-22,seed_v1
HIST-0085,توكيل,عمر Al-Qahtani,2584161692,PROP-81496,مكتب,683.2,شارع العليا، الصفا,الدمام,False,True,False,2021-06-22,Accepted,MEETS_CRITERIA,All required criteria met. Document accepted.,تم استيفاء جميع المعايير المطلوبة. تم قبول المستند.,validated,2026-06-22,seed_v1
HIST-0523,عقد إيجار,مريم المطيري,0551720849,PROP-65540,مكتب,1642.8,شارع العليا، الحمراء,أبها,True,True,False,2020-02-11,Rejected,OWNER_ID_MISMATCH,Owner ID format is invalid.,صيغة رقم هوية المالك غير صحيحة.,validated,2026-06-22,seed_v1
HIST-0403,صك ملكية,عائشة المطيري,1209481813,PROP-91094,شقة,1917.1,شارع الأمير سلطان، البساتين,حائل,False,True,False,2025-02-15,Rejected,NOT_NOTARIZED,Deed of ownership must be notarized.,يجب أن يكون صك الملكية موثقاً.,validated,2026-06-22,seed_v1
HIST-0543,صك وراثة,ناصر الغامدي,1730985034,PROP-42949,مستودع,1424.4,شارع العليا، الملقا,الدمام,True,True,False,2009-01-11,Rejected,EXPIRED_REGISTRATION,Registration date is expired.,تاريخ التسجيل منتهي الصلاحية.,validated,2026-06-22,seed_v1
HIST-0369,توكيل,عمر الأحمدي,2930089317,PROP-35987,مكتب,1420.4,شارع التحلية، العزيزية,أبها,False,False,False,2019-09-28,Rejected,MISSING_OWNER_SIGNATURE,Owner signature is missing.,توقيع المالك مفقود.,validated,2026-06-22,seed_v1
HIST-0464,عقد إيجار,عائشة الغامدي,2256904098,PROP-34885,مستودع,1960.9,,مكة المكرمة,True,True,False,2025-04-12,Rejected,INCOMPLETE_ADDRESS,Address is incomplete.,العنوان غير مكتمل.,validated,2026-06-22,seed_v1
HIST-0151,صك ملكية,ريم الأحمدي,2866618892,PROP-46368,شقه,661.2,شارع الأمير سلطان، الملقا,حائل,True,True,False,2022-10-23,Accepted,MEETS_CRITERIA,All required criteria met. Document accepted.,تم استيفاء جميع المعايير المطلوبة. تم قبول المستند.,validated,2026-06-22,seed_v1
HIST-0223,توكيل,حمد السبيعي,2557790827,PROP-31706,أرض,209.6,شارع الستين، النزهة,مكة المكرمة,True,True,False,2024-09-16,Accepted,MEETS_CRITERIA,All required criteria met. Document accepted.,تم استيفاء جميع المعايير المطلوبة. تم قبول المستند.,validated,2026-06-22,seed_v1
HIST-0061,عقد بيع,حمد الشهري,1771159212,PROP-46046,محل تجاري,799.0,شارع الستين، البساتين,حائل,False,True,False,2025-05-12,Accepted,MEETS_CRITERIA,All required criteria met. Document accepted.,تم استيفاء جميع المعايير المطلوبة. تم قبول المستند.,validated,2026-06-22,seed_v1
HIST-0152,عقد بيع,هند الشمري,2630316179,PROP-89800,شقة,660.0,شارع التحلية، الروضة,الرياض,True,True,False,2018-08-10,Accepted,MEETS_CRITERIA,All required criteria met. Document accepted.,تم استيفاء جميع المعايير المطلوبة. تم قبول المستند.,validated,2026-06-22,seed_v1
HIST-0005,توكيل,عبدالله الدوسري,2376724238,PROP-80644,مكتب,1509.2,طريق الملك عبدالله، الحمراء,الخبر,True,True,False,2024-12-03,Accepted,MEETS_CRITERIA,All required criteria met. Document accepted.,تم استيفاء جميع المعايير المطلوبة. تم قبول المستند.,validated,2026-06-22,seed_v1
HIST-0205,عقد بيع,نورة Al-Shammari,2858333945,PROP-98129,فيلا,1963.8,شارع التحلية، الصفا,جدة,False,True,False,2020-03-02,Accepted,MEETS_CRITERIA,All required criteria met. Document accepted.,تم استيفاء جميع المعايير المطلوبة. تم قبول المستند.,validated,2026-06-22,seed_v1
HIST-0215,عقد بيع,أسماء العتيبي,2283268424,PROP-98773,محل تجاري,1917.3,شارع الملك فهد، الملقا,جدة,True,True,False,2026-06-02,Accepted,MEETS_CRITERIA,All required criteria met. Document accepted.,تم استيفاء جميع المعايير المطلوبة. تم قبول المستند.,validated,2026-06-22,seed_v1
HIST-0281,عقد بيع,وليد العتيبي,2339776719,PROP-88656,شقة,534.7,شارع الستين، النزهة,الرياض,True,True,False,2024-10-23,Accepted,MEETS_CRITERIA,All required criteria met. Document accepted.,تم استيفاء جميع المعايير المطلوبة. تم قبول المستند.,validated,2026-06-22,seed_v1
HIST-0072,صك وراثة,أحمد البقمي,1477005411,PROP-90610,مستودع,957.7,شارع الملك فهد، البساتين,نجران,True,True,False,2022-11-14,Accepted,MEETS_CRITERIA,All required criteria met. Document accepted.,تم استيفاء جميع المعايير المطلوبة. تم قبول المستند.,validated,2026-06-22,seed_v1
HIST-0250,عقد بيع,نورة Al-Otaibi,2973502080,PROP-34371,شقه,607.3,شارع التحلية، البساتين,الرياض,True,True,False,2025-06-18,Accepted,MEETS_CRITERIA,All required criteria met. Document accepted.,تم استيفاء جميع المعايير المطلوبة. تم قبول المستند.,validated,2026-06-22,seed_v1
HIST-0269,صك وراثة,ماجد المطيري,2920698042,PROP-17878,مكتب,449.4,شارع الستين، العزيزية,تبوك,True,True,False,2025-09-23,Accepted,MEETS_CRITERIA,All required criteria met. Document accepted.,تم استيفاء جميع المعايير المطلوبة. تم قبول المستند.,validated,2026-06-22,seed_v1
HIST-0088,صك ملكية,محمد الحربي,2868144739,PROP-47431,استراحة,448.3,شارع التحلية، الروضة,تبوك,True,True,False,2024-07-15,Accepted,MEETS_CRITERIA,All required criteria met. Document accepted.,تم استيفاء جميع المعايير المطلوبة. تم قبول المستند.,validated,2026-06-22,seed_v1
HIST-0570,عقد إيجار,سارة البقمي,2824347769,PROP-56809,استراحة,633.1,شارع الأمير سلطان، الروضة,الدمام,False,True,False,2011-11-01,Rejected,EXPIRED_REGISTRATION,Registration date is expired.,تاريخ التسجيل منتهي الصلاحية.,validated,2026-06-22,seed_v1
HIST-0425,صك ملكية,يوسف الدوسري,2735528961,PROP-25531,فيلا,1772.5,شارع التحلية، النزهة,المدينة المنورة,True,True,True,2020-07-02,Rejected,LIEN_PRESENT,Liens or restrictions are present.,يوجد رهون أو قيود على العقار.,validated,2026-06-22,seed_v1
HIST-0020,توكيل,ناصر السبيعي,1036541458,PROP-62386,محل تجاري,1882.1,شارع العليا، الورود,مكة المكرمة,False,True,False,2026-01-17,Accepted,MEETS_CRITERIA,All required criteria met. Document accepted.,تم استيفاء جميع المعايير المطلوبة. تم قبول المستند.,validated,2026-06-22,seed_v1
HIST-0059,عقد إيجار,أسماء السبيعي,2290422842,PROP-24408,شقة,315.7,شارع الأمير عبدالعزيز، النزهة,نجران,False,True,False,2026-04-19,Accepted,MEETS_CRITERIA,All required criteria met. Document accepted.,تم استيفاء جميع المعايير المطلوبة. تم قبول المستند.,validated,2026-06-22,seed_v1
HIST-0537,عقد إيجار,مريم الزهراني,12345678901,PROP-89140,شقه,1068.5,شارع الأمير سلطان، النزهة,جدة,False,True,False,2026-03-14,Rejected,OWNER_ID_MISMATCH,Owner ID format is invalid.,صيغة رقم هوية المالك غير صحيحة.,validated,2026-06-22,seed_v1
HIST-0102,عقد إيجار,فهد Al-Ghamdi,2344375758,PROP-45842,مكتب,296.4,طريق الملك عبدالله، الحمراء,الخبر,True,True,False,2023-03-21,Accepted,MEETS_CRITERIA,All required criteria met. Document accepted.,تم استيفاء جميع المعايير المطلوبة. تم قبول المستند.,validated,2026-06-22,seed_v1
HIST-0086,صك وراثة,فاطمة الشهري,1757059640,PROP-19835,مستودع,764.8,شارع التحلية، العزيزية,مكة المكرمة,False,True,False,2026-01-31,Accepted,MEETS_CRITERIA,All required criteria met. Document accepted.,تم استيفاء جميع المعايير المطلوبة. تم قبول المستند.,validated,2026-06-22,seed_v1
HIST-0550,صك وراثة,بندر المطيري,1328348315,PROP-28607,شقة,1957.1,شارع الوزير، البساتين,جدة,True,True,False,2015-02-07,Rejected,EXPIRED_REGISTRATION,Registration date is expired.,تاريخ التسجيل منتهي الصلاحية.,validated,2026-06-22,seed_v1
HIST-0541,توكيل,بندر Al-Otaibi,2332683190,PROP-92459,شقه,454.9,شارع التحلية، العزيزية,الخبر,False,True,False,2009-05-09,Rejected,EXPIRED_REGISTRATION,Registration date is expired.,تاريخ التسجيل منتهي الصلاحية.,validated,2026-06-22,seed_v1
HIST-0509,عقد بيع,خالد الدوسري,2903628917,PROP-72575,محل تجاري,0,طريق الملك عبدالله، الحمراء,مكة المكرمة,True,True,False,2022-04-23,Rejected,INVALID_AREA,Area is invalid or missing.,المساحة غير صالحة أو مفقودة.,validated,2026-06-22,seed_v1
HIST-0499,عقد بيع,محمد الغامدي,1023142900,PROP-23938,محل تجاري,0,شارع العليا، النزهة,مكة المكرمة,False,True,False,2020-02-29,Rejected,INVALID_AREA,Area is invalid or missing.,المساحة غير صالحة أو مفقودة.,validated,2026-06-22,seed_v1
HIST-0066,عقد إيجار,إبراهيم الرشيدي,2991022901,PROP-45665,استراحة,1344.2,شارع الوزير، البساتين,أبها,False,True,False,2024-01-22,Accepted,MEETS_CRITERIA,All required criteria met. Document accepted.,تم استيفاء جميع المعايير المطلوبة. تم قبول المستند.,validated,2026-06-22,seed_v1
HIST-0546,عقد بيع,ماجد السبيعي,2674300038,PROP-89709,مستودع,1383.0,شارع الملك فهد، البساتين,الرياض,False,True,False,2007-09-07,Rejected,EXPIRED_REGISTRATION,Registration date is expired.,تاريخ التسجيل منتهي الصلاحية.,validated,2026-06-22,seed_v1
HIST-0461,صك وراثة,ريم الشمري,2671649328,PROP-84959,شقة,308.1,,حائل,False,True,False,2024-08-03,Rejected,INCOMPLETE_ADDRESS,Address is incomplete.,العنوان غير مكتمل.,validated,2026-06-22,seed_v1
HIST-0435,توكيل,عبدالله الحربي,1820970231,PROP-60579,مكتب,459.4,شارع الستين، الروضة,تبوك,True,True,True,2022-05-05,Rejected,LIEN_PRESENT,Liens or restrictions are present.,يوجد رهون أو قيود على العقار.,validated,2026-06-22,seed_v1
HIST-0054,توكيل,عائشة الزهراني,1456232858,PROP-75771,مكتب,1671.1,شارع الستين، البساتين,الدمام,False,True,False,2025-03-08,Accepted,MEETS_CRITERIA,All required criteria met. Document accepted.,تم استيفاء جميع المعايير المطلوبة. تم قبول المستند.,validated,2026-06-22,seed_v1
HIST-0042,صك وراثة,بندر Al-Otaibi,1906594013,PROP-98381,شقة,1999.2,شارع الستين، العزيزية,مكة المكرمة,False,True,False,2020-08-27,Accepted,MEETS_CRITERIA,All required criteria met. Document accepted.,تم استيفاء جميع المعايير المطلوبة. تم قبول المستند.,validated,2026-06-22,seed_v1
HIST-0285,عقد بيع,بندر الحربي,1430107139,PROP-64346,مستودع,148.3,شارع الأمير عبدالعزيز، النزهة,الرياض,True,True,False,2018-09-26,Accepted,MEETS_CRITERIA,All required criteria met. Document accepted.,تم استيفاء جميع المعايير المطلوبة. تم قبول المستند.,validated,2026-06-22,seed_v1
HIST-0264,صك ملكية,منيرة العنزي,2661390604,PROP-78731,شقة,679.5,شارع التحلية، الصفا,حائل,True,True,False,2018-08-25,Accepted,MEETS_CRITERIA,All required criteria met. Document accepted.,تم استيفاء جميع المعايير المطلوبة. تم قبول المستند.,validated,2026-06-22,seed_v1
HIST-0414,صك ملكية,خالد المطيري,1843089487,PROP-10256,مستودع,1303.5,شارع الملك فهد، الصفا,أبها,False,True,False,2021-11-29,Rejected,NOT_NOTARIZED,Deed of ownership must be notarized.,يجب أن يكون صك الملكية موثقاً.,validated,2026-06-22,seed_v1
HIST-0237,عقد إيجار,علي السبيعي,2211179080,PROP-73214,محل تجاري,1264.1,شارع الوزير، الورود,تبوك,True,True,False,2020-09-28,Accepted,MEETS_CRITERIA,All required criteria met. Document accepted.,تم استيفاء جميع المعايير المطلوبة. تم قبول المستند.,validated,2026-06-22,seed_v1
HIST-0358,عقد بيع,علي Al-Qahtani,1834404963,,شقه,1452.4,شارع العليا، الصفا,الدمام,True,True,False,2020-02-14,Rejected,MISSING_PROPERTY_ID,Property ID is missing.,رقم العقار مفقود.,validated,2026-06-22,seed_v1
HIST-0121,عقد إيجار,عبدالله الزهراني,1387509977,PROP-12061,شقة,1092.5,طريق الملك عبدالله، العزيزية,الرياض,False,True,False,2020-06-19,Accepted,MEETS_CRITERIA,All required criteria met. Document accepted.,تم استيفاء جميع المعايير المطلوبة. تم قبول المستند.,validated,2026-06-22,seed_v1
HIST-0334,عقد إيجار,عمر السبيعي,1059274523,,شقة,1351.2,شارع الأمير عبدالعزيز، الملقا,الخبر,False,True,False,2020-06-02,Rejected,MISSING_PROPERTY_ID,Property ID is missing.,رقم العقار مفقود.,validated,2026-06-22,seed_v1
HIST-0514,صك ملكية,عائشة السبيعي,ABC123,PROP-60885,استراحة,1358.2,شارع الأمير عبدالعزيز، البساتين,تبوك,True,True,False,2019-04-09,Rejected,OWNER_ID_MISMATCH,Owner ID format is invalid.,صيغة رقم هوية المالك غير صحيحة.,validated,2026-06-22,seed_v1
HIST-0256,توكيل,يوسف Al-Otaibi,2982182744,PROP-80989,محل تجاري,940.9,طريق الملك عبدالله، الملقا,الرياض,False,True,False,2019-07-09,Accepted,MEETS_CRITERIA,All required criteria met. Document accepted.,تم استيفاء جميع المعايير المطلوبة. تم قبول المستند.,validated,2026-06-22,seed_v1
HIST-0545,توكيل,منيرة القحطاني,1719905169,PROP-90272,شقه,1781.8,شارع الوزير، الملقا,الدمام,True,True,False,2015-01-31,Rejected,EXPIRED_REGISTRATION,Registration date is expired.,تاريخ التسجيل منتهي الصلاحية.,validated,2026-06-22,seed_v1
HIST-0445,صك ملكية,علي الشهري,2971892419,PROP-52513,مستودع,1375.1,شارع التحلية، الصفا,مكة المكرمة,True,True,True,2019-05-08,Rejected,LIEN_PRESENT,Liens or restrictions are present.,يوجد رهون أو قيود على العقار.,validated,2026-06-22,seed_v1
HIST-0466,عقد إيجار,بندر الرشيدي,2052330276,PROP-49203,فيلا,1982.7,,أبها,False,True,False,2022-07-27,Rejected,INCOMPLETE_ADDRESS,Address is incomplete.,العنوان غير مكتمل.,validated,2026-06-22,seed_v1
HIST-0108,توكيل,فاطمة السبيعي,1174268414,PROP-58174,أرض,485.1,شارع التحلية، البساتين,مكة المكرمة,False,True,False,2019-09-06,Accepted,MEETS_CRITERIA,All required criteria met. Document accepted.,تم استيفاء جميع المعايير المطلوبة. تم قبول المستند.,validated,2026-06-22,seed_v1
HIST-0138,عقد إيجار,يوسف الغامدي,1412528669,PROP-28070,مستودع,880.7,شارع الوزير، الملقا,حائل,True,True,False,2020-12-25,Accepted,MEETS_CRITERIA,All required criteria met. Document accepted.,تم استيفاء جميع المعايير المطلوبة. تم قبول المستند.,validated,2026-06-22,seed_v1
HIST-0003,صك ملكية,حمد الشمري,2959310341,PROP-40512,شقه,797.4,شارع الوزير، الصفا,مكة المكرمة,True,True,False,2022-04-28,Accepted,MEETS_CRITERIA,All required criteria met. Document accepted.,تم استيفاء جميع المعايير المطلوبة. تم قبول المستند.,validated,2026-06-22,seed_v1
HIST-0473,صك ملكية,سعد الرشيدي,1848729758,PROP-56152,أرض,1394.6,,الرياض,True,True,False,2024-05-13,Rejected,INCOMPLETE_ADDRESS,Address is incomplete.,العنوان غير مكتمل.,validated,2026-06-22,seed_v1
HIST-0307,توكيل,,1276747836,PROP-99589,مستودع,980.7,شارع التحلية، الحمراء,الرياض,False,True,False,2021-06-10,Rejected,MISSING_OWNER_NAME,Owner name is missing.,اسم المالك مفقود.,validated,2026-06-22,seed_v1
HIST-0290,عقد إيجار,يوسف Al-Qahtani,2521823076,PROP-78464,شقه,68.0,شارع الملك فهد، الروضة,الخبر,False,True,False,2025-12-16,Accepted,MEETS_CRITERIA,All required criteria met. Document accepted.,تم استيفاء جميع المعايير المطلوبة. تم قبول المستند.,validated,2026-06-22,seed_v1
HIST-0479,توكيل,فهد الشهري,1414651113,PROP-22272,فيلا,1176.1,,حائل,False,True,False,2026-05-10,Rejected,INCOMPLETE_ADDRESS,Address is incomplete.,العنوان غير مكتمل.,validated,2026-06-22,seed_v1
HIST-0165,توكيل,عمر العتيبي,2930407859,PROP-40508,فيلا,254.3,شارع الأمير سلطان، الورود,حائل,True,True,False,2024-01-06,Accepted,MEETS_CRITERIA,All required criteria met. Document accepted.,تم استيفاء جميع المعايير المطلوبة. تم قبول المستند.,validated,2026-06-22,seed_v1
HIST-0538,صك ملكية,عمر الزهراني,0176620471,PROP-87170,استراحة,772.6,شارع الستين، الحمراء,أبها,True,True,False,2018-08-26,Rejected,OWNER_ID_MISMATCH,Owner ID format is invalid.,صيغة رقم هوية المالك غير صحيحة.,validated,2026-06-22,seed_v1
HIST-0447,صك وراثة,عبدالله القحطاني,1574326303,PROP-88390,استراحة,1494.2,شارع الأمير عبدالعزيز، الملقا,الدمام,False,True,True,2019-04-04,Rejected,LIEN_PRESENT,Liens or restrictions are present.,يوجد رهون أو قيود على العقار.,validated,2026-06-22,seed_v1
HIST-0173,صك ملكية,يوسف الدوسري,1688444310,PROP-61498,استراحة,358.0,شارع الأمير عبدالعزيز، العزيزية,أبها,True,True,False,2025-06-29,Accepted,MEETS_CRITERIA,All required criteria met. Document accepted.,تم استيفاء جميع المعايير المطلوبة. تم قبول المستند.,validated,2026-06-22,seed_v1
HIST-0386,صك وراثة,سعد الدوسري,2960501667,PROP-85846,مكتب,131.8,طريق الملك عبدالله، البساتين,حائل,False,False,False,2023-11-16,Rejected,MISSING_OWNER_SIGNATURE,Owner signature is missing.,توقيع المالك مفقود.,validated,2026-06-22,seed_v1
HIST-0211,توكيل,علي Al-Shammari,2801573993,PROP-15226,محل تجاري,799.9,شارع العليا، الحمراء,الدمام,False,True,False,2026-03-13,Accepted,MEETS_CRITERIA,All required criteria met. Document accepted.,تم استيفاء جميع المعايير المطلوبة. تم قبول المستند.,validated,2026-06-22,seed_v1
HIST-0130,توكيل,محمد الأحمدي,2965756924,PROP-52030,أرض,989.3,شارع التحلية، الحمراء,الخبر,False,True,False,2018-09-06,Accepted,MEETS_CRITERIA,All required criteria met. Document accepted.,تم استيفاء جميع المعايير المطلوبة. تم قبول المستند.,validated,2026-06-22,seed_v1
HIST-0253,صك وراثة,عبدالرحمن المطيري,2435031365,PROP-11974,فيلا,1601.1,شارع العليا، الحمراء,المدينة المنورة,True,True,False,2026-01-01,Accepted,MEETS_CRITERIA,All required criteria met. Document accepted.,تم استيفاء جميع المعايير المطلوبة. تم قبول المستند.,validated,2026-06-22,seed_v1
HIST-0031,صك ملكية,هند الدوسري,2452991241,PROP-85849,شقة,1862.0,طريق الملك عبدالله، الحمراء,المدينة المنورة,True,True,False,2025-08-15,Accepted,MEETS_CRITERIA,All required criteria met. Document accepted.,تم استيفاء جميع المعايير المطلوبة. تم قبول المستند.,validated,2026-06-22,seed_v1
HIST-0120,عقد بيع,عائشة Al-Qahtani,2252287280,PROP-78674,شقة,1687.8,شارع العليا، العزيزية,الرياض,False,True,False,2024-12-06,Accepted,MEETS_CRITERIA,All required criteria met. Document accepted.,تم استيفاء جميع المعايير المطلوبة. تم قبول المستند.,validated,2026-06-22,seed_v1
HIST-0291,صك ملكية,ماجد الرشيدي,1943533448,PROP-51831,استراحة,1362.0,شارع الستين، الملقا,مكة المكرمة,True,True,False,2023-05-29,Accepted,MEETS_CRITERIA,All required criteria met. Document accepted.,تم استيفاء جميع المعايير المطلوبة. تم قبول المستند.,validated,2026-06-22,seed_v1
HIST-0548,عقد إيجار,أسماء القحطاني,1027240559,PROP-95879,أرض,1996.3,شارع التحلية، الحمراء,تبوك,True,True,False,2014-08-15,Rejected,EXPIRED_REGISTRATION,Registration date is expired.,تاريخ التسجيل منتهي الصلاحية.,validated,2026-06-22,seed_v1
HIST-0243,صك وراثة,بندر Al-Otaibi,1694722569,PROP-84925,مستودع,1706.9,شارع العليا، الروضة,مكة المكرمة,False,True,False,2023-12-01,Accepted,MEETS_CRITERIA,All required criteria met. Document accepted.,تم استيفاء جميع المعايير المطلوبة. تم قبول المستند.,validated,2026-06-22,seed_v1
HIST-0534,صك ملكية,سلطان البقمي,,PROP-45477,فيلا,1992.1,شارع الأمير سلطان، الحمراء,نجران,True,True,False,2025-07-27,Rejected,OWNER_ID_MISMATCH,Owner ID format is invalid.,صيغة رقم هوية المالك غير صحيحة.,validated,2026-06-22,seed_v1
HIST-0207,توكيل,علي Al-Ghamdi,1571983863,PROP-76967,مكتب,1404.3,شارع الملك فهد، الحمراء,أبها,False,True,False,2018-10-16,Accepted,MEETS_CRITERIA,All required criteria met. Document accepted.,تم استيفاء جميع المعايير المطلوبة. تم قبول المستند.,validated,2026-06-22,seed_v1
HIST-0073,صك وراثة,بندر Al-Shammari,1071518203,PROP-67377,استراحة,1076.7,شارع التحلية، الصفا,الخبر,False,True,False,2022-02-17,Accepted,MEETS_CRITERIA,All required criteria met. Document accepted.,تم استيفاء جميع المعايير المطلوبة. تم قبول المستند.,validated,2026-06-22,seed_v1
HIST-0382,صك وراثة,أسماء المطيري,2491801722,PROP-61505,شقة,221.6,شارع الستين، الصفا,نجران,False,False,False,2018-12-16,Rejected,MISSING_OWNER_SIGNATURE,Owner signature is missing.,توقيع المالك مفقود.,validated,2026-06-22,seed_v1
HIST-0559,صك وراثة,هند Al-Ghamdi,2818097887,PROP-51541,مكتب,438.3,شارع الستين، النزهة,الخبر,True,True,False,2012-11-22,Rejected,EXPIRED_REGISTRATION,Registration date is expired.,تاريخ التسجيل منتهي الصلاحية.,validated,2026-06-22,seed_v1
HIST-0304,عقد بيع,,2654420949,PROP-44136,شقة,1280.8,شارع التحلية، العزيزية,الدمام,True,True,False,2023-04-05,Rejected,MISSING_OWNER_NAME,Owner name is missing.,اسم المالك مفقود.,validated,2026-06-22,seed_v1
HIST-0251,عقد إيجار,محمد Al-Qahtani,1564757051,PROP-29148,شقة,577.0,طريق الملك عبدالله، الروضة,حائل,False,True,False,2024-06-09,Accepted,MEETS_CRITERIA,All required criteria met. Document accepted.,تم استيفاء جميع المعايير المطلوبة. تم قبول المستند.,validated,2026-06-22,seed_v1
HIST-0107,صك وراثة,يوسف الشمري,2122753046,PROP-40870,استراحة,1522.3,شارع الأمير عبدالعزيز، الورود,نجران,True,True,False,2023-07-17,Accepted,MEETS_CRITERIA,All required criteria met. Document accepted.,تم استيفاء جميع المعايير المطلوبة. تم قبول المستند.,validated,2026-06-22,seed_v1
HIST-0087,عقد إيجار,عبدالله السبيعي,2569092755,PROP-68188,شقه,1173.4,شارع الأمير عبدالعزيز، الحمراء,الخبر,False,True,False,2023-09-04,Accepted,MEETS_CRITERIA,All required criteria met. Document accepted.,تم استيفاء جميع المعايير المطلوبة. تم قبول المستند.,validated,2026-06-22,seed_v1
HIST-0416,صك ملكية,عبدالله السبيعي,1254110760,PROP-87664,محل تجاري,1690.6,شارع الأمير سلطان، الروضة,تبوك,False,True,False,2022-08-27,Rejected,NOT_NOTARIZED,Deed of ownership must be notarized.,يجب أن يكون صك الملكية موثقاً.,validated,2026-06-22,seed_v1
HIST-0446,توكيل,مريم Al-Qahtani,1509976838,PROP-87000,شقة,511.3,شارع العليا، الورود,المدينة المنورة,False,True,True,2023-09-29,Rejected,LIEN_PRESENT,Liens or restrictions are present.,يوجد رهون أو قيود على العقار.,validated,2026-06-22,seed_v1
HIST-0043,عقد بيع,فهد الحربي,2717565512,PROP-53228,مستودع,1405.7,شارع الستين، الحمراء,حائل,True,True,False,2021-05-17,Accepted,MEETS_CRITERIA,All required criteria met. Document accepted.,تم استيفاء جميع المعايير المطلوبة. تم قبول المستند.,validated,2026-06-22,seed_v1
HIST-0323,عقد إيجار,,1153136363,PROP-19637,استراحة,1195.1,شارع الملك فهد، الحمراء,مكة المكرمة,True,True,False,2019-08-22,Rejected,MISSING_OWNER_NAME,Owner name is missing.,اسم المالك مفقود.,validated,2026-06-22,seed_v1
HIST-0074,عقد بيع,منيرة العنزي,1515186449,PROP-29709,محل تجاري,218.1,شارع التحلية، الصفا,الدمام,False,True,False,2025-01-10,Accepted,MEETS_CRITERIA,All required criteria met. Document accepted.,تم استيفاء جميع المعايير المطلوبة. تم قبول المستند.,validated,2026-06-22,seed_v1
HIST-0530,صك ملكية,أحمد القحطاني,0354940128,PROP-61496,شقه,486.6,شارع الستين، البساتين,المدينة المنورة,True,True,False,2024-07-22,Rejected,OWNER_ID_MISMATCH,Owner ID format is invalid.,صيغة رقم هوية المالك غير صحيحة.,validated,2026-06-22,seed_v1
HIST-0438,توكيل,سارة Al-Otaibi,2469263296,PROP-70008,مستودع,1827.0,شارع التحلية، الروضة,أبها,True,True,True,2023-10-15,Rejected,LIEN_PRESENT,Liens or restrictions are present.,يوجد رهون أو قيود على العقار.,validated,2026-06-22,seed_v1
HIST-0330,عقد إيجار,,2548640155,PROP-69298,استراحة,1032.8,شارع العليا، البساتين,حائل,False,True,False,2021-05-28,Rejected,MISSING_OWNER_NAME,Owner name is missing.,اسم المالك مفقود.,validated,2026-06-22,seed_v1
HIST-0399,صك ملكية,ماجد الأحمدي,2976776228,PROP-26662,استراحة,1439.6,شارع التحلية، الروضة,المدينة المنورة,False,True,False,2021-03-02,Rejected,NOT_NOTARIZED,Deed of ownership must be notarized.,يجب أن يكون صك الملكية موثقاً.,validated,2026-06-22,seed_v1
HIST-0289,صك ملكية,بندر السبيعي,2743842150,PROP-36489,شقه,920.9,شارع الملك فهد، البساتين,حائل,True,True,False,2024-09-29,Accepted,MEETS_CRITERIA,All required criteria met. Document accepted.,تم استيفاء جميع المعايير المطلوبة. تم قبول المستند.,validated,2026-06-22,seed_v1
HIST-0245,عقد إيجار,حمد الغامدي,1178006811,PROP-44400,فيلا,223.6,طريق الملك عبدالله، الورود,المدينة المنورة,True,True,False,2023-04-16,Accepted,MEETS_CRITERIA,All required criteria met. Document accepted.,تم استيفاء جميع المعايير المطلوبة. تم قبول المستند.,validated,2026-06-22,seed_v1
HIST-0190,صك ملكية,وليد الدوسري,2058300335,PROP-50906,فيلا,259.3,شارع الستين، الملقا,جدة,True,True,False,2025-12-17,Accepted,MEETS_CRITERIA,All required criteria met. Document accepted.,تم استيفاء جميع المعايير المطلوبة. تم قبول المستند.,validated,2026-06-22,seed_v1
HIST-0229,عقد إيجار,فاطمة العنزي,2512694486,PROP-84012,محل تجاري,1247.0,طريق الملك عبدالله، النزهة,أبها,False,True,False,2024-06-20,Accepted,MEETS_CRITERIA,All required criteria met. Document accepted.,تم استيفاء جميع المعايير المطلوبة. تم قبول المستند.,validated,2026-06-22,seed_v1
HIST-0568,توكيل,فهد Al-Otaibi,1506185380,PROP-93164,شقة,537.1,طريق الملك عبدالله، النزهة,المدينة المنورة,False,True,False,2013-10-13,Rejected,EXPIRED_REGISTRATION,Registration date is expired.,تاريخ التسجيل منتهي الصلاحية.,validated,2026-06-22,seed_v1
HIST-0490,عقد بيع,فهد الغامدي,2247554110,PROP-99517,فيلا,0,شارع الأمير عبدالعزيز، الصفا,المدينة المنورة,False,True,False,2024-02-13,Rejected,INVALID_AREA,Area is invalid or missing.,المساحة غير صالحة أو مفقودة.,validated,2026-06-22,seed_v1
HIST-0483,صك ملكية,محمد البقمي,1650167318,PROP-77412,فيلا,0,شارع الوزير، العزيزية,مكة المكرمة,True,True,False,2019-02-10,Rejected,INVALID_AREA,Area is invalid or missing.,المساحة غير صالحة أو مفقودة.,validated,2026-06-22,seed_v1
HIST-0424,صك ملكية,علي الدوسري,2234258323,PROP-12817,فيلا,1695.2,شارع العليا، العزيزية,مكة المكرمة,True,True,True,2022-03-23,Rejected,LIEN_PRESENT,Liens or restrictions are present.,يوجد رهون أو قيود على العقار.,validated,2026-06-22,seed_v1
HIST-0115,صك وراثة,هند الحربي,2870568566,PROP-29558,مكتب,790.3,شارع الوزير، النزهة,المدينة المنورة,False,True,False,2018-07-16,Accepted,MEETS_CRITERIA,All required criteria met. Document accepted.,تم استيفاء جميع المعايير المطلوبة. تم قبول المستند.,validated,2026-06-22,seed_v1
HIST-0232,عقد بيع,تركي العتيبي,1843098839,PROP-32214,شقة,757.9,شارع الملك فهد، الملقا,جدة,False,True,False,2021-12-29,Accepted,MEETS_CRITERIA,All required criteria met. Document accepted.,تم استيفاء جميع المعايير المطلوبة. تم قبول المستند.,validated,2026-06-22,seed_v1
HIST-0540,صك وراثة,نورة الأحمدي,123456,PROP-40347,أرض,264.5,شارع التحلية، الحمراء,أبها,True,True,False,2025-10-12,Rejected,OWNER_ID_MISMATCH,Owner ID format is invalid.,صيغة رقم هوية المالك غير صحيحة.,validated,2026-06-22,seed_v1
HIST-0366,عقد بيع,محمد الأحمدي,2413432756,PROP-14440,مكتب,1740.9,شارع الوزير، البساتين,أبها,False,False,False,2021-09-26,Rejected,MISSING_OWNER_SIGNATURE,Owner signature is missing.,توقيع المالك مفقود.,validated,2026-06-22,seed_v1
HIST-0280,صك وراثة,مريم الزهراني,1220644742,PROP-25408,فيلا,1923.2,شارع الملك فهد، الورود,الرياض,False,True,False,2020-11-22,Accepted,MEETS_CRITERIA,All required criteria met. Document accepted.,تم استيفاء جميع المعايير المطلوبة. تم قبول المستند.,validated,2026-06-22,seed_v1
HIST-0456,صك ملكية,منيرة الشهري,2462252237,PROP-33853,شقه,934.3,,المدينة المنورة,True,True,False,2025-10-24,Rejected,INCOMPLETE_ADDRESS,Address is incomplete.,العنوان غير مكتمل.,validated,2026-06-22,seed_v1
HIST-0191,توكيل,ناصر Al-Otaibi,2625753260,PROP-39939,أرض,1470.7,شارع التحلية، النزهة,الرياض,True,True,False,2025-02-03,Accepted,MEETS_CRITERIA,All required criteria met. Document accepted.,تم استيفاء جميع المعايير المطلوبة. تم قبول المستند.,validated,2026-06-22,seed_v1
HIST-0202,عقد إيجار,محمد العنزي,2488510272,PROP-63636,شقه,553.3,شارع الأمير سلطان، النزهة,جدة,False,True,False,2024-01-21,Accepted,MEETS_CRITERIA,All required criteria met. Document accepted.,تم استيفاء جميع المعايير المطلوبة. تم قبول المستند.,validated,2026-06-22,seed_v1
HIST-0373,صك وراثة,حمد الرشيدي,2528092428,PROP-74597,محل تجاري,1763.1,شارع التحلية، الروضة,الخبر,False,False,False,2024-11-19,Rejected,MISSING_OWNER_SIGNATURE,Owner signature is missing.,توقيع المالك مفقود.,validated,2026-06-22,seed_v1
HIST-0255,صك وراثة,ريم البقمي,2306524077,PROP-83272,مكتب,1112.9,شارع الوزير، النزهة,نجران,True,True,False,2020-05-18,Accepted,MEETS_CRITERIA,All required criteria met. Document accepted.,تم استيفاء جميع المعايير المطلوبة. تم قبول المستند.,validated,2026-06-22,seed_v1
HIST-0009,عقد بيع,علي Al-Ghamdi,1465787133,PROP-18392,محل تجاري,100.8,شارع الأمير سلطان، النزهة,الرياض,True,True,False,2018-07-15,Accepted,MEETS_CRITERIA,All required criteria met. Document accepted.,تم استيفاء جميع المعايير المطلوبة. تم قبول المستند.,validated,2026-06-22,seed_v1
HIST-0196,صك ملكية,منيرة القحطاني,1225579415,PROP-54921,فيلا,280.8,طريق الملك عبدالله، البساتين,الدمام,True,True,False,2022-02-24,Accepted,MEETS_CRITERIA,All required criteria met. Document accepted.,تم استيفاء جميع المعايير المطلوبة. تم قبول المستند.,validated,2026-06-22,seed_v1
HIST-0126,صك ملكية,يوسف الأحمدي,2047735866,PROP-34345,مستودع,226.2,شارع الستين، النزهة,جدة,True,True,False,2025-07-21,Accepted,MEETS_CRITERIA,All required criteria met. Document accepted.,تم استيفاء جميع المعايير المطلوبة. تم قبول المستند.,validated,2026-06-22,seed_v1
HIST-0260,عقد إيجار,ماجد السبيعي,1886195761,PROP-31864,فيلا,1126.9,شارع الأمير عبدالعزيز، الملقا,حائل,False,True,False,2022-07-10,Accepted,MEETS_CRITERIA,All required criteria met. Document accepted.,تم استيفاء جميع المعايير المطلوبة. تم قبول المستند.,validated,2026-06-22,seed_v1
HIST-0274,توكيل,تركي المطيري,1312209949,PROP-84323,أرض,1216.9,شارع الأمير سلطان، العزيزية,الخبر,True,True,False,2018-10-04,Accepted,MEETS_CRITERIA,All required criteria met. Document accepted.,تم استيفاء جميع المعايير المطلوبة. تم قبول المستند.,validated,2026-06-22,seed_v1
HIST-0360,عقد بيع,علي Al-Otaibi,2896908357,,أرض,351.9,شارع الستين، الحمراء,أبها,False,True,False,2025-10-02,Rejected,MISSING_PROPERTY_ID,Property ID is missing.,رقم العقار مفقود.,validated,2026-06-22,seed_v1
HIST-0146,عقد إيجار,أحمد الأحمدي,2361103712,PROP-87814,أرض,1067.7,شارع الوزير، العزيزية,الرياض,False,True,False,2025-02-14,Accepted,MEETS_CRITERIA,All required criteria met. Document accepted.,تم استيفاء جميع المعايير المطلوبة. تم قبول المستند.,validated,2026-06-22,seed_v1
HIST-0248,صك ملكية,فاطمة Al-Qahtani,2406493085,PROP-34716,مستودع,1771.4,طريق الملك عبدالله، الحمراء,المدينة المنورة,True,True,False,2024-08-23,Accepted,MEETS_CRITERIA,All required criteria met. Document accepted.,تم استيفاء جميع المعايير المطلوبة. تم قبول المستند.,validated,2026-06-22,seed_v1
HIST-0143,عقد إيجار,سعد الزهراني,2367294667,PROP-19898,شقه,841.5,شارع الستين، الصفا,تبوك,False,True,False,2022-10-21,Accepted,MEETS_CRITERIA,All required criteria met. Document accepted.,تم استيفاء جميع المعايير المطلوبة. تم قبول المستند.,validated,2026-06-22,seed_v1
HIST-0288,توكيل,ريم البقمي,1240568299,PROP-61061,فيلا,1214.7,شارع الستين، الصفا,الرياض,False,True,False,2021-10-31,Accepted,MEETS_CRITERIA,All required criteria met. Document accepted.,تم استيفاء جميع المعايير المطلوبة. تم قبول المستند.,validated,2026-06-22,seed_v1
HIST-0209,صك ملكية,حمد القحطاني,2484229405,PROP-71122,فيلا,137.5,شارع الأمير عبدالعزيز، العزيزية,نجران,True,True,False,2019-01-19,Accepted,MEETS_CRITERIA,All required criteria met. Document accepted.,تم استيفاء جميع المعايير المطلوبة. تم قبول المستند.,validated,2026-06-22,seed_v1
HIST-0114,عقد إيجار,وليد الدوسري,1284395995,PROP-41051,مكتب,1759.9,شارع الأمير سلطان، الحمراء,الدمام,False,True,False,2025-10-16,Accepted,MEETS_CRITERIA,All required criteria met. Document accepted.,تم استيفاء جميع المعايير المطلوبة. تم قبول المستند.,validated,2026-06-22,seed_v1
HIST-0048,توكيل,عائشة Al-Qahtani,2627028951,PROP-67711,شقه,1080.3,شارع الوزير، العزيزية,مكة المكرمة,False,True,False,2019-02-18,Accepted,MEETS_CRITERIA,All required criteria met. Document accepted.,تم استيفاء جميع المعايير المطلوبة. تم قبول المستند.,validated,2026-06-22,seed_v1
HIST-0220,عقد إيجار,أحمد Al-Ghamdi,2887256394,PROP-27548,استراحة,1032.2,شارع العليا، الحمراء,الخبر,True,True,False,2019-01-16,Accepted,MEETS_CRITERIA,All required criteria met. Document accepted.,تم استيفاء جميع المعايير المطلوبة. تم قبول المستند.,validated,2026-06-22,seed_v1
HIST-0150,عقد إيجار,بندر الشمري,1552696582,PROP-71736,شقه,92.4,شارع العليا، العزيزية,الدمام,True,True,False,2026-01-10,Accepted,MEETS_CRITERIA,All required criteria met. Document accepted.,تم استيفاء جميع المعايير المطلوبة. تم قبول المستند.,validated,2026-06-22,seed_v1
HIST-0193,صك ملكية,ناصر الشهري,1849926189,PROP-25431,مكتب,281.2,شارع العليا، البساتين,المدينة المنورة,True,True,False,2019-08-24,Accepted,MEETS_CRITERIA,All required criteria met. Document accepted.,تم استيفاء جميع المعايير المطلوبة. تم قبول المستند.,validated,2026-06-22,seed_v1
HIST-0242,صك ملكية,تركي العنزي,2558845061,PROP-56018,أرض,1179.1,شارع التحلية، الورود,الخبر,True,True,False,2022-10-30,Accepted,MEETS_CRITERIA,All required criteria met. Document accepted.,تم استيفاء جميع المعايير المطلوبة. تم قبول المستند.,validated,2026-06-22,seed_v1
HIST-0296,صك ملكية,ريم الرشيدي,2696393827,PROP-60307,شقه,721.0,طريق الملك عبدالله، الحمراء,نجران,True,True,False,2022-08-21,Accepted,MEETS_CRITERIA,All required criteria met. Document accepted.,تم استيفاء جميع المعايير المطلوبة. تم قبول المستند.,validated,2026-06-22,seed_v1
HIST-0470,صك ملكية,عبدالرحمن الشمري,1783099974,PROP-22393,فيلا,804.9,,نجران,True,True,False,2025-01-26,Rejected,INCOMPLETE_ADDRESS,Address is incomplete.,العنوان غير مكتمل.,validated,2026-06-22,seed_v1
HIST-0136,عقد إيجار,عمر الشهري,2093796603,PROP-36972,مكتب,1519.5,شارع العليا، الروضة,حائل,True,True,False,2022-05-16,Accepted,MEETS_CRITERIA,All required criteria met. Document accepted.,تم استيفاء جميع المعايير المطلوبة. تم قبول المستند.,validated,2026-06-22,seed_v1
HIST-0052,صك وراثة,ناصر الشهري,2743671369,PROP-57049,مكتب,1985.8,شارع الستين، العزيزية,أبها,False,True,False,2026-05-20,Accepted,MEETS_CRITERIA,All required criteria met. Document accepted.,تم استيفاء جميع المعايير المطلوبة. تم قبول المستند.,validated,2026-06-22,seed_v1
HIST-0104,صك وراثة,سعد السبيعي,1165712082,PROP-63334,استراحة,986.3,شارع الأمير سلطان، الورود,الخبر,False,True,False,2019-03-26,Accepted,MEETS_CRITERIA,All required criteria met. Document accepted.,تم استيفاء جميع المعايير المطلوبة. تم قبول المستند.,validated,2026-06-22,seed_v1
HIST-0512,عقد إيجار,مريم Al-Otaibi,0633991297,PROP-54749,استراحة,1583.6,شارع الأمير عبدالعزيز، الورود,الخبر,False,True,False,2026-01-10,Rejected,OWNER_ID_MISMATCH,Owner ID format is invalid.,صيغة رقم هوية المالك غير صحيحة.,validated,2026-06-22,seed_v1
HIST-0141,عقد بيع,وليد الدوسري,2134074517,PROP-25386,أرض,467.2,شارع الأمير عبدالعزيز، الحمراء,مكة المكرمة,True,True,False,2024-02-27,Accepted,MEETS_CRITERIA,All required criteria met. Document accepted.,تم استيفاء جميع المعايير المطلوبة. تم قبول المستند.,validated,2026-06-22,seed_v1
HIST-0484,توكيل,سعد Al-Qahtani,2545628417,PROP-96019,استراحة,0,شارع الأمير عبدالعزيز، الحمراء,الرياض,False,True,False,2018-07-10,Rejected,INVALID_AREA,Area is invalid or missing.,المساحة غير صالحة أو مفقودة.,validated,2026-06-22,seed_v1
HIST-0012,توكيل,تركي السبيعي,1781080132,PROP-63269,استراحة,993.8,طريق الملك عبدالله، العزيزية,مكة المكرمة,False,True,False,2026-06-14,Accepted,MEETS_CRITERIA,All required criteria met. Document accepted.,تم استيفاء جميع المعايير المطلوبة. تم قبول المستند.,validated,2026-06-22,seed_v1
HIST-0451,عقد بيع,سلطان الشمري,2982824674,PROP-69454,مكتب,787.8,,الخبر,True,True,False,2021-03-18,Rejected,INCOMPLETE_ADDRESS,Address is incomplete.,العنوان غير مكتمل.,validated,2026-06-22,seed_v1
HIST-0263,توكيل,هند السبيعي,1441969315,PROP-73246,فيلا,1007.3,شارع العليا، الورود,الرياض,False,True,False,2025-08-05,Accepted,MEETS_CRITERIA,All required criteria met. Document accepted.,تم استيفاء جميع المعايير المطلوبة. تم قبول المستند.,validated,2026-06-22,seed_v1
HIST-0218,صك وراثة,مريم الرشيدي,1995562053,PROP-39035,مستودع,596.8,شارع الأمير عبدالعزيز، الملقا,الخبر,False,True,False,2021-04-14,Accepted,MEETS_CRITERIA,All required criteria met. Document accepted.,تم استيفاء جميع المعايير المطلوبة. تم قبول المستند.,validated,2026-06-22,seed_v1
HIST-0166,صك وراثة,ريم الأحمدي,2223955905,PROP-84403,فيلا,1152.4,شارع الأمير سلطان، البساتين,حائل,False,True,False,2024-07-03,Accepted,MEETS_CRITERIA,All required criteria met. Document accepted.,تم استيفاء جميع المعايير المطلوبة. تم قبول المستند.,validated,2026-06-22,seed_v1
HIST-0472,عقد إيجار,محمد Al-Ghamdi,2510293218,PROP-43654,شقة,224.1,,الخبر,True,True,False,2021-09-24,Rejected,INCOMPLETE_ADDRESS,Address is incomplete.,العنوان غير مكتمل.,validated,2026-06-22,seed_v1
HIST-0160,صك ملكية,وليد البقمي,1747411249,PROP-15286,أرض,1681.7,شارع الأمير عبدالعزيز، الملقا,جدة,True,True,False,2018-07-02,Accepted,MEETS_CRITERIA,All required criteria met. Document accepted.,تم استيفاء جميع المعايير المطلوبة. تم قبول المستند.,validated,2026-06-22,seed_v1
HIST-0311,توكيل,,1406650442,PROP-67747,شقه,1013.9,شارع الأمير سلطان، الحمراء,مكة المكرمة,False,True,False,2025-04-04,Rejected,MISSING_OWNER_NAME,Owner name is missing.,اسم المالك مفقود.,validated,2026-06-22,seed_v1
HIST-0450,عقد بيع,عمر السبيعي,2497347156,PROP-59508,فيلا,973.2,طريق الملك عبدالله، الحمراء,مكة المكرمة,False,True,True,2026-04-02,Rejected,LIEN_PRESENT,Liens or restrictions are present.,يوجد رهون أو قيود على العقار.,validated,2026-06-22,seed_v1
HIST-0100,صك وراثة,هند السبيعي,1972896230,PROP-85047,شقه,430.1,شارع الوزير، الصفا,أبها,True,True,False,2021-11-04,Accepted,MEETS_CRITERIA,All required criteria met. Document accepted.,تم استيفاء جميع المعايير المطلوبة. تم قبول المستند.,validated,2026-06-22,seed_v1
HIST-0201,صك وراثة,نورة الرشيدي,1755037589,PROP-88636,استراحة,1450.3,شارع الأمير عبدالعزيز، البساتين,جدة,True,True,False,2019-02-01,Accepted,MEETS_CRITERIA,All required criteria met. Document accepted.,تم استيفاء جميع المعايير المطلوبة. تم قبول المستند.,validated,2026-06-22,seed_v1
HIST-0489,عقد بيع,أحمد Al-Shammari,2041454563,PROP-51922,شقة,0,شارع الملك فهد، العزيزية,الخبر,True,True,False,2023-04-11,Rejected,INVALID_AREA,Area is invalid or missing.,المساحة غير صالحة أو مفقودة.,validated,2026-06-22,seed_v1
HIST-0302,عقد بيع,,1269097384,PROP-63849,محل تجاري,124.9,شارع الملك فهد، البساتين,الخبر,True,True,False,2019-12-20,Rejected,MISSING_OWNER_NAME,Owner name is missing.,اسم المالك مفقود.,validated,2026-06-22,seed_v1
HIST-0377,صك ملكية,يوسف العتيبي,2165915201,PROP-70323,استراحة,940.9,شارع الستين، العزيزية,الخبر,True,False,False,2025-12-25,Rejected,MISSING_OWNER_SIGNATURE,Owner signature is missing.,توقيع المالك مفقود.,validated,2026-06-22,seed_v1
HIST-0049,عقد إيجار,عبدالله Al-Qahtani,2596158657,PROP-80912,شقة,1257.9,شارع الأمير سلطان، الورود,المدينة المنورة,True,True,False,2021-08-10,Accepted,MEETS_CRITERIA,All required criteria met. Document accepted.,تم استيفاء جميع المعايير المطلوبة. تم قبول المستند.,validated,2026-06-22,seed_v1
HIST-0078,صك ملكية,سارة Al-Qahtani,2818141247,PROP-77286,فيلا,1672.2,شارع العليا، النزهة,تبوك,True,True,False,2022-07-22,Accepted,MEETS_CRITERIA,All required criteria met. Document accepted.,تم استيفاء جميع المعايير المطلوبة. تم قبول المستند.,validated,2026-06-22,seed_v1
HIST-0310,صك وراثة,,1911192692,PROP-24528,فيلا,551.5,شارع الوزير، الروضة,تبوك,False,True,False,2021-09-08,Rejected,MISSING_OWNER_NAME,Owner name is missing.,اسم المالك مفقود.,validated,2026-06-22,seed_v1
HIST-0278,توكيل,نورة القحطاني,1771812982,PROP-61520,مستودع,687.5,شارع الملك فهد، الملقا,تبوك,True,True,False,2021-05-17,Accepted,MEETS_CRITERIA,All required criteria met. Document accepted.,تم استيفاء جميع المعايير المطلوبة. تم قبول المستند.,validated,2026-06-22,seed_v1
HIST-0426,عقد بيع,فاطمة البقمي,2963099384,PROP-29472,محل تجاري,539.5,شارع الستين، الملقا,حائل,False,True,True,2024-02-16,Rejected,LIEN_PRESENT,Liens or restrictions are present.,يوجد رهون أو قيود على العقار.,validated,2026-06-22,seed_v1
HIST-0381,عقد بيع,سلطان الشمري,2422438649,PROP-16255,شقه,1839.6,شارع العليا، الحمراء,أبها,True,False,False,2021-04-06,Rejected,MISSING_OWNER_SIGNATURE,Owner signature is missing.,توقيع المالك مفقود.,validated,2026-06-22,seed_v1
HIST-0008,صك ملكية,عبدالرحمن البقمي,2303911718,PROP-26483,فيلا,1339.9,شارع التحلية، الورود,حائل,True,True,False,2019-09-03,Accepted,MEETS_CRITERIA,All required criteria met. Document accepted.,تم استيفاء جميع المعايير المطلوبة. تم قبول المستند.,validated,2026-06-22,seed_v1
HIST-0560,عقد بيع,يوسف الغامدي,1765158815,PROP-95633,استراحة,1234.1,شارع الوزير، الحمراء,المدينة المنورة,True,True,False,2012-09-25,Rejected,EXPIRED_REGISTRATION,Registration date is expired.,تاريخ التسجيل منتهي الصلاحية.,validated,2026-06-22,seed_v1
HIST-0213,صك وراثة,أسماء الشهري,1207501102,PROP-43018,شقه,1175.4,شارع الأمير سلطان، الورود,أبها,False,True,False,2021-06-01,Accepted,MEETS_CRITERIA,All required criteria met. Document accepted.,تم استيفاء جميع المعايير المطلوبة. تم قبول المستند.,validated,2026-06-22,seed_v1
HIST-0502,توكيل,عبدالرحمن البقمي,1092268592,PROP-99054,مستودع,0,شارع الستين، الورود,الخبر,True,True,False,2023-06-08,Rejected,INVALID_AREA,Area is invalid or missing.,المساحة غير صالحة أو مفقودة.,validated,2026-06-22,seed_v1
HIST-0391,صك ملكية,نورة الغامدي,1771199180,PROP-76493,شقه,384.1,شارع العليا، النزهة,الخبر,False,True,False,2023-03-14,Rejected,NOT_NOTARIZED,Deed of ownership must be notarized.,يجب أن يكون صك الملكية موثقاً.,validated,2026-06-22,seed_v1
HIST-0361,عقد إيجار,سلطان المطيري,2249363123,PROP-13631,أرض,1606.3,شارع الستين، البساتين,تبوك,False,False,False,2021-09-28,Rejected,MISSING_OWNER_SIGNATURE,Owner signature is missing.,توقيع المالك مفقود.,validated,2026-06-22,seed_v1
HIST-0370,توكيل,خالد الشمري,2291086771,PROP-39423,أرض,429.7,شارع الستين، الورود,تبوك,False,False,False,2025-01-05,Rejected,MISSING_OWNER_SIGNATURE,Owner signature is missing.,توقيع المالك مفقود.,validated,2026-06-22,seed_v1
HIST-0259,عقد بيع,ريم القحطاني,2865094801,PROP-49833,شقه,1892.5,شارع العليا، الروضة,المدينة المنورة,False,True,False,2024-05-07,Accepted,MEETS_CRITERIA,All required criteria met. Document accepted.,تم استيفاء جميع المعايير المطلوبة. تم قبول المستند.,validated,2026-06-22,seed_v1
HIST-0038,صك ملكية,فهد Al-Qahtani,1167190229,PROP-49824,شقه,1988.2,شارع العليا، الحمراء,نجران,True,True,False,2019-10-16,Accepted,MEETS_CRITERIA,All required criteria met. Document accepted.,تم استيفاء جميع المعايير المطلوبة. تم قبول المستند.,validated,2026-06-22,seed_v1
HIST-0040,عقد إيجار,عمر Al-Ghamdi,1206797403,PROP-47762,مكتب,1423.8,شارع الوزير، الروضة,المدينة المنورة,False,True,False,2019-06-19,Accepted,MEETS_CRITERIA,All required criteria met. Document accepted.,تم استيفاء جميع المعايير المطلوبة. تم قبول المستند.,validated,2026-06-22,seed_v1
HIST-0044,صك ملكية,يوسف المطيري,2168087603,PROP-77952,محل تجاري,1267.9,شارع الوزير، البساتين,الرياض,True,True,False,2024-03-11,Accepted,MEETS_CRITERIA,All required criteria met. Document accepted.,تم استيفاء جميع المعايير المطلوبة. تم قبول المستند.,validated,2026-06-22,seed_v1
HIST-0442,عقد إيجار,علي القحطاني,1708164709,PROP-10611,شقة,1558.5,شارع الأمير سلطان، النزهة,الخبر,True,True,True,2024-03-25,Rejected,LIEN_PRESENT,Liens or restrictions are present.,يوجد رهون أو قيود على العقار.,validated,2026-06-22,seed_v1
HIST-0139,توكيل,خالد الحربي,2790507236,PROP-83607,استراحة,853.7,شارع الوزير، الحمراء,تبوك,False,True,False,2024-08-06,Accepted,MEETS_CRITERIA,All required criteria met. Document accepted.,تم استيفاء جميع المعايير المطلوبة. تم قبول المستند.,validated,2026-06-22,seed_v1
HIST-0449,عقد بيع,عبدالله الدوسري,1232129833,PROP-76509,شقه,886.9,شارع الوزير، الورود,مكة المكرمة,True,True,True,2023-09-23,Rejected,LIEN_PRESENT,Liens or restrictions are present.,يوجد رهون أو قيود على العقار.,validated,2026-06-22,seed_v1
HIST-0380,توكيل,هند الشهري,1659266108,PROP-54793,استراحة,1372.3,شارع التحلية، البساتين,حائل,True,False,False,2023-03-20,Rejected,MISSING_OWNER_SIGNATURE,Owner signature is missing.,توقيع المالك مفقود.,validated,2026-06-22,seed_v1
HIST-0551,توكيل,فهد الأحمدي,2104967066,PROP-68198,شقة,495.4,طريق الملك عبدالله، الملقا,أبها,True,True,False,2012-01-23,Rejected,EXPIRED_REGISTRATION,Registration date is expired.,تاريخ التسجيل منتهي الصلاحية.,validated,2026-06-22,seed_v1
HIST-0068,توكيل,عبدالرحمن العتيبي,2622683885,PROP-19447,مستودع,1731.8,شارع الملك فهد، الحمراء,الرياض,False,True,False,2025-08-08,Accepted,MEETS_CRITERIA,All required criteria met. Document accepted.,تم استيفاء جميع المعايير المطلوبة. تم قبول المستند.,validated,2026-06-22,seed_v1
HIST-0206,عقد بيع,هند الشهري,2608106200,PROP-36201,مكتب,1515.4,شارع التحلية، الورود,الدمام,True,True,False,2025-10-11,Accepted,MEETS_CRITERIA,All required criteria met. Document accepted.,تم استيفاء جميع المعايير المطلوبة. تم قبول المستند.,validated,2026-06-22,seed_v1
HIST-0336,عقد بيع,يوسف الغامدي,2028140693,,محل تجاري,239.4,شارع الملك فهد، النزهة,نجران,True,True,False,2023-05-11,Rejected,MISSING_PROPERTY_ID,Property ID is missing.,رقم العقار مفقود.,validated,2026-06-22,seed_v1
HIST-0194,عقد إيجار,منيرة المطيري,1564208737,PROP-53332,أرض,65.3,شارع العليا، الروضة,نجران,False,True,False,2024-10-20,Accepted,MEETS_CRITERIA,All required criteria met. Document accepted.,تم استيفاء جميع المعايير المطلوبة. تم قبول المستند.,validated,2026-06-22,seed_v1
HIST-0402,صك ملكية,يوسف الأحمدي,2922877725,PROP-21706,مستودع,811.2,طريق الملك عبدالله، الصفا,حائل,False,True,False,2018-12-15,Rejected,NOT_NOTARIZED,Deed of ownership must be notarized.,يجب أن يكون صك الملكية موثقاً.,validated,2026-06-22,seed_v1
HIST-0417,صك ملكية,أسماء العنزي,1199717911,PROP-17954,شقة,792.1,شارع العليا، الملقا,الرياض,False,True,False,2021-07-08,Rejected,NOT_NOTARIZED,Deed of ownership must be notarized.,يجب أن يكون صك الملكية موثقاً.,validated,2026-06-22,seed_v1
HIST-0064,صك وراثة,ناصر البقمي,1983273158,PROP-58176,شقه,1539.5,شارع الأمير سلطان، الحمراء,حائل,True,True,False,2019-08-24,Accepted,MEETS_CRITERIA,All required criteria met. Document accepted.,تم استيفاء جميع المعايير المطلوبة. تم قبول المستند.,validated,2026-06-22,seed_v1
HIST-0384,عقد بيع,مريم Al-Qahtani,2995641220,PROP-35008,شقه,1643.0,شارع الأمير سلطان، العزيزية,المدينة المنورة,False,False,False,2019-03-15,Rejected,MISSING_OWNER_SIGNATURE,Owner signature is missing.,توقيع المالك مفقود.,validated,2026-06-22,seed_v1
HIST-0140,صك ملكية,هند العتيبي,1404384279,PROP-74921,شقه,1171.1,شارع الستين، الصفا,حائل,True,True,False,2026-01-03,Accepted,MEETS_CRITERIA,All required criteria met. Document accepted.,تم استيفاء جميع المعايير المطلوبة. تم قبول المستند.,validated,2026-06-22,seed_v1
HIST-0018,صك ملكية,فاطمة الزهراني,1598262045,PROP-15229,محل تجاري,467.5,شارع الأمير سلطان، الروضة,الخبر,True,True,False,2020-03-12,Accepted,MEETS_CRITERIA,All required criteria met. Document accepted.,تم استيفاء جميع المعايير المطلوبة. تم قبول المستند.,validated,2026-06-22,seed_v1
HIST-0127,توكيل,خالد الأحمدي,1655110475,PROP-45358,شقه,317.1,شارع التحلية، الحمراء,تبوك,False,True,False,2025-04-25,Accepted,MEETS_CRITERIA,All required criteria met. Document accepted.,تم استيفاء جميع المعايير المطلوبة. تم قبول المستند.,validated,2026-06-22,seed_v1
HIST-0353,عقد إيجار,ناصر Al-Qahtani,2848588006,,مستودع,933.2,طريق الملك عبدالله، البساتين,تبوك,True,True,False,2026-02-08,Rejected,MISSING_PROPERTY_ID,Property ID is missing.,رقم العقار مفقود.,validated,2026-06-22,seed_v1
HIST-0396,صك ملكية,ماجد Al-Ghamdi,2852008943,PROP-49838,مستودع,1974.7,شارع العليا، العزيزية,الخبر,False,True,False,2023-07-25,Rejected,NOT_NOTARIZED,Deed of ownership must be notarized.,يجب أن يكون صك الملكية موثقاً.,validated,2026-06-22,seed_v1
HIST-0324,عقد بيع,,2273543520,PROP-84536,شقة,604.4,شارع العليا، البساتين,تبوك,False,True,False,2024-07-21,Rejected,MISSING_OWNER_NAME,Owner name is missing.,اسم المالك مفقود.,validated,2026-06-22,seed_v1
HIST-0118,عقد إيجار,وليد العنزي,2678544587,PROP-71080,شقه,1617.5,شارع الوزير، الصفا,المدينة المنورة,False,True,False,2022-12-19,Accepted,MEETS_CRITERIA,All required criteria met. Document accepted.,تم استيفاء جميع المعايير المطلوبة. تم قبول المستند.,validated,2026-06-22,seed_v1
HIST-0013,عقد بيع,فهد Al-Otaibi,2687234309,PROP-81066,شقة,1511.1,شارع الملك فهد، العزيزية,نجران,False,True,False,2020-11-01,Accepted,MEETS_CRITERIA,All required criteria met. Document accepted.,تم استيفاء جميع المعايير المطلوبة. تم قبول المستند.,validated,2026-06-22,seed_v1
HIST-0155,صك ملكية,بندر البقمي,2220863536,PROP-51934,مكتب,1662.4,شارع الأمير عبدالعزيز، الروضة,حائل,True,True,False,2018-12-04,Accepted,MEETS_CRITERIA,All required criteria met. Document accepted.,تم استيفاء جميع المعايير المطلوبة. تم قبول المستند.,validated,2026-06-22,seed_v1
HIST-0145,صك ملكية,سارة Al-Otaibi,1127706324,PROP-30837,مكتب,241.1,شارع الأمير عبدالعزيز، الورود,جدة,True,True,False,2022-04-21,Accepted,MEETS_CRITERIA,All required criteria met. Document accepted.,تم استيفاء جميع المعايير المطلوبة. تم قبول المستند.,validated,2026-06-22,seed_v1
HIST-0081,عقد إيجار,سلطان Al-Otaibi,1179808932,PROP-48177,مستودع,63.0,شارع الأمير عبدالعزيز، النزهة,نجران,False,True,False,2024-05-16,Accepted,MEETS_CRITERIA,All required criteria met. Document accepted.,تم استيفاء جميع المعايير المطلوبة. تم قبول المستند.,validated,2026-06-22,seed_v1
HIST-0524,عقد بيع,ريم الحربي,123456,PROP-51758,شقة,1450.6,شارع الأمير سلطان، البساتين,نجران,False,True,False,2023-11-13,Rejected,OWNER_ID_MISMATCH,Owner ID format is invalid.,صيغة رقم هوية المالك غير صحيحة.,validated,2026-06-22,seed_v1
HIST-0249,عقد بيع,أسماء الأحمدي,1416389448,PROP-45235,مستودع,424.7,شارع العليا، الملقا,مكة المكرمة,False,True,False,2025-03-27,Accepted,MEETS_CRITERIA,All required criteria met. Document accepted.,تم استيفاء جميع المعايير المطلوبة. تم قبول المستند.,validated,2026-06-22,seed_v1
HIST-0513,عقد إيجار,ناصر الحربي,,PROP-72031,مكتب,1540.5,شارع الوزير، الملقا,جدة,False,True,False,2026-01-11,Rejected,OWNER_ID_MISMATCH,Owner ID format is invalid.,صيغة رقم هوية المالك غير صحيحة.,validated,2026-06-22,seed_v1
HIST-0515,توكيل,تركي القحطاني,ABC123,PROP-57381,مستودع,1958.4,شارع الأمير سلطان، العزيزية,المدينة المنورة,True,True,False,2018-10-22,Rejected,OWNER_ID_MISMATCH,Owner ID format is invalid.,صيغة رقم هوية المالك غير صحيحة.,validated,2026-06-22,seed_v1
HIST-0257,عقد إيجار,يوسف الشمري,2387829456,PROP-94004,محل تجاري,274.3,شارع العليا، العزيزية,مكة المكرمة,True,True,False,2026-02-14,Accepted,MEETS_CRITERIA,All required criteria met. Document accepted.,تم استيفاء جميع المعايير المطلوبة. تم قبول المستند.,validated,2026-06-22,seed_v1
HIST-0053,صك وراثة,مريم القحطاني,2439533942,PROP-92345,شقه,1812.6,شارع الملك فهد، الورود,تبوك,True,True,False,2019-12-23,Accepted,MEETS_CRITERIA,All required criteria met. Document accepted.,تم استيفاء جميع المعايير المطلوبة. تم قبول المستند.,validated,2026-06-22,seed_v1
HIST-0270,عقد بيع,مريم المطيري,2104636815,PROP-73525,شقه,421.6,شارع الوزير، العزيزية,الرياض,True,True,False,2020-07-15,Accepted,MEETS_CRITERIA,All required criteria met. Document accepted.,تم استيفاء جميع المعايير المطلوبة. تم قبول المستند.,validated,2026-06-22,seed_v1
HIST-0500,عقد بيع,أسماء الحربي,2572308481,PROP-12779,شقة,0,شارع الستين، الروضة,حائل,False,True,False,2024-11-19,Rejected,INVALID_AREA,Area is invalid or missing.,المساحة غير صالحة أو مفقودة.,validated,2026-06-22,seed_v1
HIST-0387,صك ملكية,ماجد العتيبي,2958146717,PROP-91618,محل تجاري,929.8,طريق الملك عبدالله، العزيزية,مكة المكرمة,True,False,False,2023-03-31,Rejected,MISSING_OWNER_SIGNATURE,Owner signature is missing.,توقيع المالك مفقود.,validated,2026-06-22,seed_v1
HIST-0011,صك ملكية,مريم الشهري,2667010651,PROP-42591,أرض,429.0,شارع الوزير، الملقا,أبها,True,True,False,2024-06-01,Accepted,MEETS_CRITERIA,All required criteria met. Document accepted.,تم استيفاء جميع المعايير المطلوبة. تم قبول المستند.,validated,2026-06-22,seed_v1
HIST-0433,عقد بيع,تركي Al-Ghamdi,1529240755,PROP-39555,مستودع,885.9,طريق الملك عبدالله، الورود,الخبر,True,True,True,2020-02-10,Rejected,LIEN_PRESENT,Liens or restrictions are present.,يوجد رهون أو قيود على العقار.,validated,2026-06-22,seed_v1
HIST-0019,عقد بيع,نورة الزهراني,1226025634,PROP-30866,شقه,802.1,شارع الملك فهد، البساتين,المدينة المنورة,True,True,False,2021-04-24,Accepted,MEETS_CRITERIA,All required criteria met. Document accepted.,تم استيفاء جميع المعايير المطلوبة. تم قبول المستند.,validated,2026-06-22,seed_v1
HIST-0007,توكيل,عبدالرحمن الرشيدي,2270482814,PROP-93748,أرض,356.5,شارع التحلية، العزيزية,نجران,False,True,False,2020-12-29,Accepted,MEETS_CRITERIA,All required criteria met. Document accepted.,تم استيفاء جميع المعايير المطلوبة. تم قبول المستند.,validated,2026-06-22,seed_v1
HIST-0482,توكيل,بندر الرشيدي,2309634807,PROP-90969,استراحة,0,شارع الملك فهد، البساتين,الخبر,False,True,False,2022-07-04,Rejected,INVALID_AREA,Area is invalid or missing.,المساحة غير صالحة أو مفقودة.,validated,2026-06-22,seed_v1
HIST-0128,صك ملكية,عبدالله البقمي,1995604661,PROP-83339,أرض,1169.6,شارع التحلية، الحمراء,مكة المكرمة,True,True,False,2024-12-01,Accepted,MEETS_CRITERIA,All required criteria met. Document accepted.,تم استيفاء جميع المعايير المطلوبة. تم قبول المستند.,validated,2026-06-22,seed_v1
HIST-0376,عقد إيجار,عبدالرحمن البقمي,1342284993,PROP-86486,شقة,1080.5,شارع التحلية، الحمراء,جدة,True,False,False,2020-11-20,Rejected,MISSING_OWNER_SIGNATURE,Owner signature is missing.,توقيع المالك مفقود.,validated,2026-06-22,seed_v1
HIST-0284,عقد إيجار,فاطمة الدوسري,1198179469,PROP-51482,مكتب,1079.3,شارع الأمير عبدالعزيز، الملقا,نجران,False,True,False,2020-08-24,Accepted,MEETS_CRITERIA,All required criteria met. Document accepted.,تم استيفاء جميع المعايير المطلوبة. تم قبول المستند.,validated,2026-06-22,seed_v1
HIST-0111,عقد إيجار,هند الشمري,1651801704,PROP-63591,فيلا,1551.8,طريق الملك عبدالله، الصفا,أبها,False,True,False,2022-03-29,Accepted,MEETS_CRITERIA,All required criteria met. Document accepted.,تم استيفاء جميع المعايير المطلوبة. تم قبول المستند.,validated,2026-06-22,seed_v1
HIST-0529,صك وراثة,تركي البقمي,123456,PROP-66472,محل تجاري,163.1,شارع الستين، الصفا,جدة,True,True,False,2019-03-15,Rejected,OWNER_ID_MISMATCH,Owner ID format is invalid.,صيغة رقم هوية المالك غير صحيحة.,validated,2026-06-22,seed_v1
HIST-0170,عقد إيجار,يوسف الشمري,1552157043,PROP-42707,شقه,739.9,شارع العليا، العزيزية,الرياض,False,True,False,2021-07-24,Accepted,MEETS_CRITERIA,All required criteria met. Document accepted.,تم استيفاء جميع المعايير المطلوبة. تم قبول المستند.,validated,2026-06-22,seed_v1
HIST-0192,توكيل,فاطمة القحطاني,2489090100,PROP-25176,مستودع,922.0,شارع العليا، الورود,تبوك,True,True,False,2024-03-03,Accepted,MEETS_CRITERIA,All required criteria met. Document accepted.,تم استيفاء جميع المعايير المطلوبة. تم قبول المستند.,validated,2026-06-22,seed_v1
HIST-0467,عقد بيع,حمد الشمري,2438612590,PROP-49855,استراحة,1330.0,,تبوك,False,True,False,2024-11-06,Rejected,INCOMPLETE_ADDRESS,Address is incomplete.,العنوان غير مكتمل.,validated,2026-06-22,seed_v1
HIST-0083,توكيل,سعد الغامدي,2205852772,PROP-27675,شقه,1449.1,شارع الوزير، العزيزية,الدمام,True,True,False,2025-12-25,Accepted,MEETS_CRITERIA,All required criteria met. Document accepted.,تم استيفاء جميع المعايير المطلوبة. تم قبول المستند.,validated,2026-06-22,seed_v1
HIST-0411,صك ملكية,مريم الحربي,2876811807,PROP-98112,شقه,744.8,طريق الملك عبدالله، الصفا,أبها,False,True,False,2024-06-27,Rejected,NOT_NOTARIZED,Deed of ownership must be notarized.,يجب أن يكون صك الملكية موثقاً.,validated,2026-06-22,seed_v1
HIST-0149,صك ملكية,سعد Al-Ghamdi,2043898364,PROP-94694,شقة,1580.6,شارع الأمير سلطان، البساتين,أبها,True,True,False,2025-03-18,Accepted,MEETS_CRITERIA,All required criteria met. Document accepted.,تم استيفاء جميع المعايير المطلوبة. تم قبول المستند.,validated,2026-06-22,seed_v1
HIST-0235,توكيل,منيرة Al-Otaibi,2907141633,PROP-51383,مستودع,1913.6,شارع الملك فهد، الورود,المدينة المنورة,False,True,False,2025-06-07,Accepted,MEETS_CRITERIA,All required criteria met. Document accepted.,تم استيفاء جميع المعايير المطلوبة. تم قبول المستند.,validated,2026-06-22,seed_v1
HIST-0406,صك ملكية,عمر العتيبي,1461526546,PROP-25855,شقة,453.0,شارع الأمير سلطان، البساتين,حائل,False,True,False,2025-03-08,Rejected,NOT_NOTARIZED,Deed of ownership must be notarized.,يجب أن يكون صك الملكية موثقاً.,validated,2026-06-22,seed_v1
HIST-0161,عقد إيجار,إبراهيم الأحمدي,1442067883,PROP-22415,استراحة,257.7,شارع التحلية، الروضة,الرياض,True,True,False,2023-12-25,Accepted,MEETS_CRITERIA,All required criteria met. Document accepted.,تم استيفاء جميع المعايير المطلوبة. تم قبول المستند.,validated,2026-06-22,seed_v1
HIST-0204,عقد إيجار,فاطمة الحربي,1169958669,PROP-42537,مكتب,831.9,شارع الأمير عبدالعزيز، الورود,تبوك,True,True,False,2024-12-04,Accepted,MEETS_CRITERIA,All required criteria met. Document accepted.,تم استيفاء جميع المعايير المطلوبة. تم قبول المستند.,validated,2026-06-22,seed_v1
HIST-0371,عقد بيع,علي الدوسري,2362620443,PROP-90960,استراحة,1820.2,شارع الأمير عبدالعزيز، البساتين,جدة,True,False,False,2021-03-20,Rejected,MISSING_OWNER_SIGNATURE,Owner signature is missing.,توقيع المالك مفقود.,validated,2026-06-22,seed_v1
HIST-0216,صك وراثة,نورة الأحمدي,1435368222,PROP-38939,مكتب,437.0,شارع التحلية، العزيزية,حائل,False,True,False,2019-03-31,Accepted,MEETS_CRITERIA,All required criteria met. Document accepted.,تم استيفاء جميع المعايير المطلوبة. تم قبول المستند.,validated,2026-06-22,seed_v1
HIST-0051,صك ملكية,نورة الأحمدي,1792374740,PROP-70981,مكتب,1374.6,شارع التحلية، الروضة,تبوك,True,True,False,2022-08-07,Accepted,MEETS_CRITERIA,All required criteria met. Document accepted.,تم استيفاء جميع المعايير المطلوبة. تم قبول المستند.,validated,2026-06-22,seed_v1
HIST-0065,توكيل,محمد الحربي,2455022961,PROP-28595,شقة,238.0,شارع الأمير سلطان، الحمراء,أبها,False,True,False,2022-08-26,Accepted,MEETS_CRITERIA,All required criteria met. Document accepted.,تم استيفاء جميع المعايير المطلوبة. تم قبول المستند.,validated,2026-06-22,seed_v1
HIST-0362,صك ملكية,علي الحربي,2204482070,PROP-17251,شقه,669.0,شارع الستين، الروضة,أبها,True,False,False,2022-05-26,Rejected,MISSING_OWNER_SIGNATURE,Owner signature is missing.,توقيع المالك مفقود.,validated,2026-06-22,seed_v1
HIST-0342,عقد إيجار,أحمد المطيري,2650448183,,فيلا,1543.5,شارع التحلية، الصفا,الخبر,False,True,False,2023-06-07,Rejected,MISSING_PROPERTY_ID,Property ID is missing.,رقم العقار مفقود.,validated,2026-06-22,seed_v1
HIST-0093,صك وراثة,فهد الدوسري,2907844736,PROP-48985,استراحة,201.6,شارع الملك فهد، الملقا,تبوك,False,True,False,2021-01-16,Accepted,MEETS_CRITERIA,All required criteria met. Document accepted.,تم استيفاء جميع المعايير المطلوبة. تم قبول المستند.,validated,2026-06-22,seed_v1
HIST-0389,صك ملكية,مريم Al-Qahtani,1232971674,PROP-40765,أرض,1140.3,شارع الملك فهد، الصفا,الدمام,True,False,False,2022-06-21,Rejected,MISSING_OWNER_SIGNATURE,Owner signature is missing.,توقيع المالك مفقود.,validated,2026-06-22,seed_v1
HIST-0022,توكيل,نورة العنزي,1484656482,PROP-35144,مستودع,1350.0,طريق الملك عبدالله، الملقا,نجران,False,True,False,2021-12-02,Accepted,MEETS_CRITERIA,All required criteria met. Document accepted.,تم استيفاء جميع المعايير المطلوبة. تم قبول المستند.,validated,2026-06-22,seed_v1
HIST-0021,صك ملكية,نورة الشهري,2569816934,PROP-15817,مستودع,63.3,شارع الأمير سلطان، الصفا,أبها,True,True,False,2025-09-09,Accepted,MEETS_CRITERIA,All required criteria met. Document accepted.,تم استيفاء جميع المعايير المطلوبة. تم قبول المستند.,validated,2026-06-22,seed_v1
HIST-0133,صك وراثة,نورة الشمري,1352909656,PROP-23886,شقة,251.3,شارع الأمير سلطان، النزهة,تبوك,False,True,False,2022-02-01,Accepted,MEETS_CRITERIA,All required criteria met. Document accepted.,تم استيفاء جميع المعايير المطلوبة. تم قبول المستند.,validated,2026-06-22,seed_v1
HIST-0338,توكيل,إبراهيم البقمي,2781376742,,مستودع,330.8,شارع العليا، الملقا,المدينة المنورة,False,True,False,2021-02-24,Rejected,MISSING_PROPERTY_ID,Property ID is missing.,رقم العقار مفقود.,validated,2026-06-22,seed_v1
HIST-0113,توكيل,خالد المطيري,1106903311,PROP-87849,شقة,926.1,شارع الملك فهد، النزهة,الرياض,False,True,False,2021-07-21,Accepted,MEETS_CRITERIA,All required criteria met. Document accepted.,تم استيفاء جميع المعايير المطلوبة. تم قبول المستند.,validated,2026-06-22,seed_v1
HIST-0212,صك وراثة,أسماء البقمي,2704358112,PROP-80513,شقة,1276.3,شارع الأمير سلطان، النزهة,أبها,True,True,False,2024-03-02,Accepted,MEETS_CRITERIA,All required criteria met. Document accepted.,تم استيفاء جميع المعايير المطلوبة. تم قبول المستند.,validated,2026-06-22,seed_v1
HIST-0171,عقد بيع,عمر الشهري,2658617932,PROP-69151,شقه,1610.4,شارع الملك فهد، الورود,الرياض,False,True,False,2023-07-19,Accepted,MEETS_CRITERIA,All required criteria met. Document accepted.,تم استيفاء جميع المعايير المطلوبة. تم قبول المستند.,validated,2026-06-22,seed_v1
HIST-0227,عقد بيع,نورة القحطاني,1172980686,PROP-58546,شقة,1413.4,طريق الملك عبدالله، النزهة,تبوك,False,True,False,2022-07-18,Accepted,MEETS_CRITERIA,All required criteria met. Document accepted.,تم استيفاء جميع المعايير المطلوبة. تم قبول المستند.,validated,2026-06-22,seed_v1
HIST-0420,صك ملكية,بندر Al-Otaibi,1320024968,PROP-95420,محل تجاري,663.7,شارع التحلية، الملقا,تبوك,False,True,False,2019-09-16,Rejected,NOT_NOTARIZED,Deed of ownership must be notarized.,يجب أن يكون صك الملكية موثقاً.,validated,2026-06-22,seed_v1
HIST-0459,توكيل,إبراهيم العنزي,2356690551,PROP-10404,استراحة,1748.9,,الرياض,True,True,False,2020-07-10,Rejected,INCOMPLETE_ADDRESS,Address is incomplete.,العنوان غير مكتمل.,validated,2026-06-22,seed_v1
HIST-0316,صك ملكية,,2138782931,PROP-14833,فيلا,1008.5,شارع الملك فهد، البساتين,نجران,True,True,False,2025-12-17,Rejected,MISSING_OWNER_NAME,Owner name is missing.,اسم المالك مفقود.,validated,2026-06-22,seed_v1
HIST-0047,توكيل,عائشة الرشيدي,2278755886,PROP-69682,محل تجاري,1747.0,شارع الأمير سلطان، الحمراء,المدينة المنورة,False,True,False,2025-12-26,Accepted,MEETS_CRITERIA,All required criteria met. Document accepted.,تم استيفاء جميع المعايير المطلوبة. تم قبول المستند.,validated,2026-06-22,seed_v1
HIST-0348,صك ملكية,عمر البقمي,2638361517,,فيلا,1021.9,شارع الأمير عبدالعزيز، الورود,حائل,True,True,False,2026-01-07,Rejected,MISSING_PROPERTY_ID,Property ID is missing.,رقم العقار مفقود.,validated,2026-06-22,seed_v1
HIST-0225,صك وراثة,أحمد الزهراني,1242869904,PROP-21239,أرض,931.5,شارع الوزير، البساتين,مكة المكرمة,True,True,False,2021-11-13,Accepted,MEETS_CRITERIA,All required criteria met. Document accepted.,تم استيفاء جميع المعايير المطلوبة. تم قبول المستند.,validated,2026-06-22,seed_v1
HIST-0498,توكيل,محمد الرشيدي,1269312163,PROP-69640,مستودع,0,شارع التحلية، العزيزية,نجران,True,True,False,2022-03-28,Rejected,INVALID_AREA,Area is invalid or missing.,المساحة غير صالحة أو مفقودة.,validated,2026-06-22,seed_v1
HIST-0554,توكيل,ريم العتيبي,1495427707,PROP-11162,استراحة,131.8,شارع الأمير عبدالعزيز، البساتين,حائل,True,True,False,2014-10-29,Rejected,EXPIRED_REGISTRATION,Registration date is expired.,تاريخ التسجيل منتهي الصلاحية.,validated,2026-06-22,seed_v1
HIST-0056,عقد إيجار,بندر العتيبي,2931746120,PROP-14877,مكتب,1992.1,شارع العليا، الروضة,المدينة المنورة,True,True,False,2022-02-12,Accepted,MEETS_CRITERIA,All required criteria met. Document accepted.,تم استيفاء جميع المعايير المطلوبة. تم قبول المستند.,validated,2026-06-22,seed_v1
HIST-0267,صك وراثة,عبدالله الغامدي,2655355904,PROP-32184,محل تجاري,1255.5,شارع الوزير، الملقا,تبوك,True,True,False,2023-11-09,Accepted,MEETS_CRITERIA,All required criteria met. Document accepted.,تم استيفاء جميع المعايير المطلوبة. تم قبول المستند.,validated,2026-06-22,seed_v1
HIST-0409,صك ملكية,فهد المطيري,2539840289,PROP-19166,مكتب,234.0,شارع العليا، الملقا,حائل,False,True,False,2021-08-18,Rejected,NOT_NOTARIZED,Deed of ownership must be notarized.,يجب أن يكون صك الملكية موثقاً.,validated,2026-06-22,seed_v1
HIST-0569,عقد بيع,أسماء الحربي,2423183061,PROP-74315,أرض,1437.4,شارع الملك فهد، الحمراء,الدمام,False,True,False,2008-12-07,Rejected,EXPIRED_REGISTRATION,Registration date is expired.,تاريخ التسجيل منتهي الصلاحية.,validated,2026-06-22,seed_v1
HIST-0453,صك وراثة,عمر الدوسري,2458750663,PROP-41765,استراحة,126.9,,مكة المكرمة,False,True,False,2019-09-08,Rejected,INCOMPLETE_ADDRESS,Address is incomplete.,العنوان غير مكتمل.,validated,2026-06-22,seed_v1
HIST-0401,صك ملكية,محمد الزهراني,1960443270,PROP-26033,محل تجاري,191.1,شارع الملك فهد، الحمراء,تبوك,False,True,False,2020-02-17,Rejected,NOT_NOTARIZED,Deed of ownership must be notarized.,يجب أن يكون صك الملكية موثقاً.,validated,2026-06-22,seed_v1
HIST-0558,عقد إيجار,هند العتيبي,1935889536,PROP-86373,شقة,1334.7,شارع التحلية، الحمراء,جدة,True,True,False,2009-02-21,Rejected,EXPIRED_REGISTRATION,Registration date is expired.,تاريخ التسجيل منتهي الصلاحية.,validated,2026-06-22,seed_v1
HIST-0326,توكيل,,1906007806,PROP-79615,مستودع,989.8,شارع العليا، البساتين,تبوك,True,True,False,2025-07-17,Rejected,MISSING_OWNER_NAME,Owner name is missing.,اسم المالك مفقود.,validated,2026-06-22,seed_v1
HIST-0268,عقد إيجار,مريم البقمي,1110392405,PROP-24585,مكتب,933.1,شارع الملك فهد، الصفا,المدينة المنورة,True,True,False,2024-03-10,Accepted,MEETS_CRITERIA,All required criteria met. Document accepted.,تم استيفاء جميع المعايير المطلوبة. تم قبول المستند.,validated,2026-06-22,seed_v1
HIST-0331,صك وراثة,إبراهيم الشمري,1711624112,,شقه,1412.3,شارع الوزير، الملقا,المدينة المنورة,True,True,False,2023-03-10,Rejected,MISSING_PROPERTY_ID,Property ID is missing.,رقم العقار مفقود.,validated,2026-06-22,seed_v1
HIST-0063,عقد بيع,عبدالله الشمري,1161528098,PROP-83620,محل تجاري,1359.8,طريق الملك عبدالله، الصفا,أبها,True,True,False,2023-04-01,Accepted,MEETS_CRITERIA,All required criteria met. Document accepted.,تم استيفاء جميع المعايير المطلوبة. تم قبول المستند.,validated,2026-06-22,seed_v1
HIST-0419,صك ملكية,نورة الغامدي,2078593110,PROP-88010,شقه,1210.2,شارع الأمير سلطان، الملقا,حائل,False,True,False,2022-06-28,Rejected,NOT_NOTARIZED,Deed of ownership must be notarized.,يجب أن يكون صك الملكية موثقاً.,validated,2026-06-22,seed_v1
HIST-0221,عقد إيجار,ريم الحربي,1722992750,PROP-38681,استراحة,509.6,شارع الستين، الصفا,المدينة المنورة,True,True,False,2018-12-23,Accepted,MEETS_CRITERIA,All required criteria met. Document accepted.,تم استيفاء جميع المعايير المطلوبة. تم قبول المستند.,validated,2026-06-22,seed_v1
HIST-0520,صك وراثة,ريم الأحمدي,3404120911,PROP-92430,فيلا,114.0,شارع العليا، الحمراء,الرياض,True,True,False,2021-05-21,Rejected,OWNER_ID_MISMATCH,Owner ID format is invalid.,صيغة رقم هوية المالك غير صحيحة.,validated,2026-06-22,seed_v1
HIST-0275,عقد بيع,خالد Al-Shammari,2526772233,PROP-14224,مستودع,1543.2,شارع الملك فهد، الورود,أبها,True,True,False,2018-12-12,Accepted,MEETS_CRITERIA,All required criteria met. Document accepted.,تم استيفاء جميع المعايير المطلوبة. تم قبول المستند.,validated,2026-06-22,seed_v1
HIST-0298,صك وراثة,منيرة الأحمدي,2701329022,PROP-69372,مكتب,816.6,شارع الوزير، النزهة,المدينة المنورة,False,True,False,2023-02-11,Accepted,MEETS_CRITERIA,All required criteria met. Document accepted.,تم استيفاء جميع المعايير المطلوبة. تم قبول المستند.,validated,2026-06-22,seed_v1
HIST-0030,توكيل,منيرة الشهري,2170805310,PROP-14067,أرض,446.8,شارع الملك فهد، الملقا,المدينة المنورة,True,True,False,2021-03-01,Accepted,MEETS_CRITERIA,All required criteria met. Document accepted.,تم استيفاء جميع المعايير المطلوبة. تم قبول المستند.,validated,2026-06-22,seed_v1
HIST-0241,عقد إيجار,سلطان Al-Qahtani,1885744890,PROP-62219,شقه,1399.7,شارع الملك فهد، النزهة,الدمام,False,True,False,2019-05-31,Accepted,MEETS_CRITERIA,All required criteria met. Document accepted.,تم استيفاء جميع المعايير المطلوبة. تم قبول المستند.,validated,2026-06-22,seed_v1
HIST-0422,عقد بيع,فاطمة Al-Otaibi,2995946521,PROP-69546,شقة,1022.1,شارع الملك فهد، النزهة,المدينة المنورة,False,True,True,2019-06-24,Rejected,LIEN_PRESENT,Liens or restrictions are present.,يوجد رهون أو قيود على العقار.,validated,2026-06-22,seed_v1
HIST-0501,صك ملكية,سعد العتيبي,1662543617,PROP-32224,شقه,0,شارع الستين، الصفا,جدة,True,True,False,2019-07-28,Rejected,INVALID_AREA,Area is invalid or missing.,المساحة غير صالحة أو مفقودة.,validated,2026-06-22,seed_v1
HIST-0496,صك ملكية,أسماء البقمي,1424089164,PROP-92081,أرض,0,شارع الأمير سلطان، الصفا,الدمام,True,True,False,2024-03-09,Rejected,INVALID_AREA,Area is invalid or missing.,المساحة غير صالحة أو مفقودة.,validated,2026-06-22,seed_v1
HIST-0132,صك ملكية,أسماء الشهري,2243426617,PROP-88372,استراحة,1189.6,طريق الملك عبدالله، العزيزية,الخبر,True,True,False,2018-08-10,Accepted,MEETS_CRITERIA,All required criteria met. Document accepted.,تم استيفاء جميع المعايير المطلوبة. تم قبول المستند.,validated,2026-06-22,seed_v1
HIST-0408,صك ملكية,سارة Al-Shammari,1258238687,PROP-15477,شقة,1636.5,شارع الستين، الملقا,الرياض,False,True,False,2025-10-19,Rejected,NOT_NOTARIZED,Deed of ownership must be notarized.,يجب أن يكون صك الملكية موثقاً.,validated,2026-06-22,seed_v1
HIST-0356,صك ملكية,مريم السبيعي,1349114152,,محل تجاري,132.5,طريق الملك عبدالله، الحمراء,الدمام,True,True,False,2026-03-31,Rejected,MISSING_PROPERTY_ID,Property ID is missing.,رقم العقار مفقود.,validated,2026-06-22,seed_v1
HIST-0117,توكيل,حمد القحطاني,1398373540,PROP-37762,أرض,1926.4,شارع العليا، البساتين,المدينة المنورة,True,True,False,2022-01-10,Accepted,MEETS_CRITERIA,All required criteria met. Document accepted.,تم استيفاء جميع المعايير المطلوبة. تم قبول المستند.,validated,2026-06-22,seed_v1
HIST-0327,صك وراثة,,2325431074,PROP-31207,استراحة,1724.4,شارع الملك فهد، البساتين,تبوك,True,True,False,2018-08-03,Rejected,MISSING_OWNER_NAME,Owner name is missing.,اسم المالك مفقود.,validated,2026-06-22,seed_v1
HIST-0476,توكيل,عبدالرحمن Al-Ghamdi,1861515542,PROP-39591,مكتب,79.1,,أبها,True,True,False,2025-02-02,Rejected,INCOMPLETE_ADDRESS,Address is incomplete.,العنوان غير مكتمل.,validated,2026-06-22,seed_v1
HIST-0181,صك وراثة,ريم الحربي,1486289023,PROP-36309,شقة,544.0,شارع الوزير، العزيزية,الخبر,True,True,False,2023-05-27,Accepted,MEETS_CRITERIA,All required criteria met. Document accepted.,تم استيفاء جميع المعايير المطلوبة. تم قبول المستند.,validated,2026-06-22,seed_v1
HIST-0119,عقد بيع,أحمد السبيعي,1048996423,PROP-53236,أرض,796.9,شارع الأمير سلطان، البساتين,حائل,False,True,False,2023-08-03,Accepted,MEETS_CRITERIA,All required criteria met. Document accepted.,تم استيفاء جميع المعايير المطلوبة. تم قبول المستند.,validated,2026-06-22,seed_v1
HIST-0436,صك وراثة,محمد الحربي,2662128671,PROP-60986,أرض,312.1,شارع الأمير سلطان، الورود,أبها,False,True,True,2024-09-10,Rejected,LIEN_PRESENT,Liens or restrictions are present.,يوجد رهون أو قيود على العقار.,validated,2026-06-22,seed_v1
HIST-0254,صك وراثة,ريم Al-Qahtani,1513271950,PROP-17834,محل تجاري,1310.5,شارع العليا، الملقا,تبوك,True,True,False,2022-12-03,Accepted,MEETS_CRITERIA,All required criteria met. Document accepted.,تم استيفاء جميع المعايير المطلوبة. تم قبول المستند.,validated,2026-06-22,seed_v1
